Comment_id|Post_id
39318|191889
39319|191889
39320|191889
39321|191889
39322|191889
39323|191889
39329|191889
39330|191889
39332|191889
39334|191889
39335|191889
39336|191889
39449|192247
39450|192247
39451|192247
39452|192247
39453|192247
39459|192247
39460|192247
39461|192247
39878|193221
39879|193221
39880|193221
39881|193221
39883|193221
39887|193221
40189|193251
40190|193251
40191|193251
40192|193251
40193|193251
40194|193251
40195|193251
40202|193251
40203|193251
40204|193251
40207|193251
40472|193625
40473|193625
40476|193625
40477|193625
40481|193625
40902|193701
40903|193701
40906|193701
40911|193701
40918|193701
41721|194693
41722|194693
41723|194693
41724|194693
41726|194693
41731|194693
41783|194698
41784|194698
41785|194698
41786|194698
41788|194698
41798|194698
41799|194698
41800|194698
41857|195038
41858|195038
41859|195038
41874|195038
42304|195581
42305|195581
42306|195581
42307|195581
42308|195581
42309|195581
42492|195598
42493|195598
42494|195598
42495|195598
42499|195598
42500|195598
42504|195598
42505|195598
42509|195598
42685|195621
42687|195621
42688|195621
42690|195621
42691|195621
42692|195621
43010|196355
43011|196355
43012|196355
43013|196355
43014|196355
43020|196355
43023|196355
43024|196355
43060|196359
43061|196359
43062|196359
43063|196359
43065|196359
43066|196359
43072|196359
43078|196359
43252|196525
43253|196525
43256|196525
43257|196525
43258|196525
43261|196525
43265|196525
43323|196531
43324|196531
43325|196531
43326|196531
43334|196531
43337|196531
43341|196531
43342|196533
43343|196533
43344|196533
43345|196533
43346|196533
43348|196533
43350|196533
43352|196533
43353|196533
43355|196533
43391|196537
43392|196537
43393|196537
43394|196537
43396|196537
43397|196537
43398|196537
43401|196537
43403|196537
43404|196537
43406|196537
43407|196537
43408|196537
43928|197545
43930|197545
43935|197545
43937|197545
43939|197545
44057|197555
44059|197555
44063|197555
44074|197555
44076|197555
44303|197735
44304|197735
44305|197735
44306|197735
44307|197735
44308|197735
44315|197735
44316|197735
44320|197735
44321|197735
44561|198383
44562|198383
44563|198383
44564|198383
44565|198383
44566|198383
44567|198383
44568|198383
44572|198383
44579|198383
44872|198734
44873|198734
44875|198734
44877|198734
44882|198734
44884|198734
44888|198734
45088|199012
45089|199012
45090|199012
45091|199012
45093|199012
45094|199012
45097|199012
45099|199012
45689|199205
45690|199205
45691|199205
45693|199205
45695|199205
45696|199205
45697|199205
45698|199205
45699|199205
45726|199208
45727|199208
45730|199208
45737|199208
45743|199208
45759|199211
45760|199211
45761|199211
45765|199211
45775|199211
46283|200650
46284|200650
46285|200650
46286|200650
46287|200650
46288|200650
46289|200650
46291|200650
46292|200650
46294|200650
46299|200650
46668|201177
46669|201177
46681|201177
46702|201180
46703|201180
46704|201180
46705|201180
46706|201180
46707|201180
46708|201180
46709|201180
46710|201180
46711|201180
46713|201180
46716|201180
46717|201180
46718|201180
47256|201495
47257|201495
47258|201495
47259|201495
47260|201495
47261|201495
47262|201495
47263|201495
47265|201495
47863|202275
47864|202275
47865|202275
47868|202275
47870|202275
47874|202275
47980|202284
47982|202284
47987|202284
47988|202284
47994|202284
47995|202284
48180|202534
48181|202534
48182|202534
48183|202534
48184|202534
48185|202534
48187|202534
48191|202534
48416|202556
48420|202556
48422|202556
48424|202556
48428|202556
48429|202556
48432|202556
48595|202735
48596|202735
48597|202735
48598|202735
48599|202735
48600|202735
48601|202735
48602|202735
48603|202735
48604|202735
48606|202735
48611|202735
48614|202736
48615|202736
48616|202736
48617|202736
48618|202736
48619|202736
48622|202736
48627|202736
48628|202736
48630|202736
48721|203136
48722|203136
48723|203136
48726|203136
48728|203136
48730|203136
48732|203136
48734|203136
48738|203136
48942|203267
48943|203267
48944|203267
48945|203267
48948|203267
48953|203267
48955|203267
48960|203267
49123|203283
49124|203283
49125|203283
49126|203283
49127|203283
49128|203283
49129|203283
49130|203283
49131|203283
49133|203283
49134|203283
49140|203283
49147|203285
49148|203285
49149|203285
49151|203285
49152|203285
49153|203285
49156|203285
49159|203285
51108|204639
51109|204639
51110|204639
51111|204639
51112|204639
51113|204639
51114|204639
51115|204639
51116|204639
51117|204639
51118|204639
51119|204639
51120|204639
51121|204639
51122|204639
51127|204640
51133|204640
51135|204640
51138|204640
51141|204640
51540|204945
51541|204945
51542|204945
51543|204945
51544|204945
51545|204945
51548|204945
51551|204945
51552|204945
51679|204962
51680|204962
51682|204962
51685|204962
51694|204962
51931|205069
51934|205069
51935|205069
51938|205069
51939|205069
51941|205069
51943|205069
51944|205069
51945|205069
51946|205069
51947|205069
52523|205530
52524|205530
52525|205530
52526|205530
52527|205530
52529|205530
52532|205530
52631|205990
52633|205990
52635|205990
53682|207498
53683|207498
53684|207498
53685|207498
53686|207498
53687|207498
53688|207498
53691|207498
53692|207498
53693|207498
53695|207498
53697|207498
53699|207498
54034|207710
54035|207710
54036|207710
54037|207710
54038|207710
54042|207710
54145|207722
54146|207722
54147|207722
54148|207722
54162|207722
54164|207722
54373|207879
54374|207879
54375|207879
54376|207879
54377|207879
54384|207879
54391|207879
54774|208436
54775|208436
54781|208436
54784|208436
55504|209065
55505|209065
55506|209065
55507|209065
55508|209065
55511|209065
55512|209065
55522|209065
55585|209072
55586|209072
55588|209072
55598|209072
55600|209072
55765|209087
55767|209087
55771|209087
55774|209087
55777|209087
55778|209087
55782|209087
55783|209087
55831|209092
55832|209092
55833|209092
55834|209092
55835|209092
55836|209092
55837|209092
55842|209092
55845|209092
55846|209092
56208|209236
56209|209236
56210|209236
56212|209236
56214|209236
56215|209236
56219|209236
56224|209236
56845|210182
56847|210182
56853|210182
56861|210182
57011|210563
57012|210563
57013|210563
57014|210563
57016|210563
57027|210563
57126|210723
57127|210723
57129|210723
57132|210723
57134|210723
57143|210723
57163|210726
57164|210726
57165|210726
57166|210726
57167|210726
57168|210726
57170|210726
57172|210726
57174|210726
57176|210726
57178|210726
57179|210726
57336|210926
57340|210926
57342|210926
57343|210926
57349|210926
57351|210926
57353|210926
57508|210946
57509|210946
57510|210946
57513|210946
57999|211472
58000|211472
58008|211472
58010|211472
58580|211991
58581|211991
58582|211991
58584|211991
58585|211991
58596|211991
58597|211991
58598|211991
58720|212543
58721|212543
58722|212543
58724|212543
58725|212543
58730|212543
58735|212543
58738|212543
58961|213685
58962|213685
58963|213685
58964|213685
58965|213685
58969|213685
58970|213685
58979|213685
59147|213842
59148|213842
59149|213842
59152|213842
59156|213842
59158|213842
59162|213842
59163|213842
59754|214731
59755|214731
59756|214731
59757|214731
59758|214731
59759|214731
59765|214731
59766|214731
59768|214731
59771|214731
61113|215860
61114|215860
61115|215860
61120|215860
61128|215860
61130|215860
62251|216635
62252|216635
62253|216635
62258|216635
62261|216635
62263|216635
62265|216635
62266|216635
62416|216652
62418|216652
62419|216652
62423|216652
62424|216652
62426|216652
62427|216652
62429|216652
62433|216652
62565|216669
62566|216669
62568|216669
62570|216669
62573|216669
62574|216669
62575|216669
62579|216669
62859|217276
62860|217276
62861|217276
62862|217276
62865|217276
62866|217276
62871|217276
62978|217728
62979|217728
62981|217728
62982|217728
62984|217728
62992|217728
62996|217728
63184|217913
63185|217913
63186|217913
63187|217913
63188|217913
63189|217913
63194|217913
63200|217913
63671|218261
63672|218261
63676|218261
63797|218272
63803|218272
63808|218272
63866|218854
63867|218854
63870|218854
63874|218854
63879|218854
63922|218858
63923|218858
63931|218858
64412|218906
64413|218906
64414|218906
64415|218906
64416|218906
64417|218906
64418|218906
64419|218906
64421|218906
64424|218906
64427|218906
64881|219323
64882|219323
64883|219323
64892|219323
64893|219323
64894|219323
65335|219702
65336|219702
65338|219702
65343|219702
65344|219702
65346|219702
65350|219702
65677|219733
65678|219733
65681|219733
65682|219733
65693|219733
65695|219733
65835|219749
65836|219749
65838|219749
65841|219749
65843|219749
65846|219749
66346|220701
66348|220701
66350|220701
66352|220701
66353|220701
66354|220701
66359|220701
66362|220701
66482|220721
66483|220721
66484|220721
66485|220721
66488|220721
66490|220721
66491|220721
66493|220721
66577|220731
66578|220731
66579|220731
66580|220731
66581|220731
66582|220731
66585|220731
66589|220731
66655|220739
66656|220739
66660|220739
66661|220739
66662|220739
66664|220739
66665|220739
66668|220739
66736|220844
66737|220844
66738|220844
66739|220844
66740|220844
66741|220844
66742|220844
66743|220844
66744|220844
66747|220844
66748|220844
66754|220844
66847|220946
66848|220946
66849|220946
66850|220946
66860|220946
66863|220946
66870|220949
66871|220949
66872|220949
66873|220949
66874|220949
66876|220949
66881|220949
66887|220949
67294|221872
67295|221872
67296|221872
67297|221872
67304|221872
67321|222050
67322|222050
67323|222050
67324|222050
67325|222050
67326|222050
67327|222050
67328|222050
67329|222050
67331|222050
67332|222050
67333|222050
67334|222050
67336|222050
67415|222153
67416|222153
67418|222153
67420|222153
67421|222153
67426|222153
67431|222153
67634|222178
67635|222178
67636|222178
67637|222178
67638|222178
67642|222178
67651|222178
67699|222186
67700|222186
67701|222186
67708|222186
67710|222186
67742|222190
67744|222190
67745|222190
67746|222190
67749|222190
67751|222190
67753|222190
67754|222190
67755|222190
67758|222190
67761|222191
67762|222191
67763|222191
67764|222191
67765|222191
67766|222191
67767|222191
67771|222191
67772|222191
67776|222191
67801|222195
67802|222195
67804|222195
67808|222195
67810|222195
67891|222205
67892|222205
67893|222205
67894|222205
67895|222205
67896|222205
67897|222205
67898|222205
67899|222205
67900|222205
67901|222205
67902|222205
67903|222205
67907|222205
67983|223093
67986|223093
67988|223093
67989|223093
67992|223093
68093|223104
68094|223104
68095|223104
68096|223104
68097|223104
68098|223104
68099|223104
68100|223104
68101|223104
68102|223104
68103|223104
68104|223104
68105|223104
68325|223388
68326|223388
68327|223388
68328|223388
68330|223388
68332|223388
68335|223388
68338|223388
68420|223398
68421|223398
68422|223398
68424|223398
68425|223398
68426|223398
68428|223398
68429|223398
68430|223398
68431|223398
68434|223398
68436|223398
68986|223457
68987|223457
68988|223457
68992|223457
68995|223457
69002|223457
69020|223459
69021|223459
69022|223459
69023|223459
69027|223459
69030|223459
69031|223459
69032|223459
69033|223459
69034|223459
69037|223459
69219|223669
69220|223669
69221|223669
69222|223669
69223|223669
69228|223669
69231|223669
69347|223684
69348|223684
69349|223684
69352|223684
69355|223684
69356|223684
69362|223684
69364|223684
69468|223696
69470|223696
69473|223696
69474|223696
69481|223696
69785|223724
69786|223724
69787|223724
69788|223724
69789|223724
69791|223724
69793|223724
69928|223738
69929|223738
69930|223738
69931|223738
69933|223738
70185|224177
70186|224177
70187|224177
70196|224177
70214|224179
70215|224179
70216|224179
70217|224179
70218|224179
70219|224179
70220|224179
70221|224179
70222|224179
70223|224179
70224|224179
70225|224179
70226|224179
70229|224179
70759|224235
70769|224235
70978|224251
70979|224251
70980|224251
70985|224251
70989|224251
70991|224251
70992|224251
71074|224257
71075|224257
71077|224257
71078|224257
71082|224257
71089|224257
71092|224257
71139|224264
71140|224264
71141|224264
71143|224264
71144|224264
71146|224264
71148|224264
71151|224264
71153|224264
71202|224516
71203|224516
71204|224516
71207|224516
71210|224516
71211|224516
71213|224516
71256|224522
71257|224522
71258|224522
71259|224522
71260|224522
71262|224522
71264|224522
71269|224522
71274|224522
71420|224539
71421|224539
71423|224539
71431|224539
71433|224539
71482|224545
71483|224545
71484|224545
71485|224545
71486|224545
71487|224545
71488|224545
71489|224545
71490|224545
71493|224545
71494|224545
71495|224545
71497|224545
71498|224545
71652|224561
71653|224561
71654|224561
71655|224561
71656|224561
71659|224561
71665|224561
71668|224561
71860|225191
71862|225191
71869|225191
71874|225191
71876|225191
72278|225235
72279|225235
72280|225235
72281|225235
72282|225235
72283|225235
72284|225235
72287|225235
72289|225235
72291|225235
72296|225235
72401|225248
72402|225248
72403|225248
72405|225248
72406|225248
72697|225495
72698|225495
72700|225495
72708|225495
73266|225898
73267|225898
73268|225898
73269|225898
73271|225898
73272|225898
73275|225898
73315|225901
73320|225901
73323|225901
73327|225901
73330|225901
73543|226024
73544|226024
73545|226024
73546|226024
73547|226024
73548|226024
73549|226024
73552|226024
73555|226024
73613|226030
73614|226030
73615|226030
73616|226030
73617|226030
73618|226030
73620|226030
73623|226030
73630|226030
73690|226037
73691|226037
73692|226037
73694|226037
73695|226037
73701|226037
73816|226051
73817|226051
73818|226051
73820|226051
73822|226051
73823|226051
73828|226051
73943|226060
73944|226060
73947|226060
73957|226060
74632|226430
74633|226430
74634|226430
74638|226430
74644|226430
74651|226431
74653|226431
74656|226431
74657|226431
74660|226431
74664|226431
74757|226443
74758|226443
74761|226443
74762|226443
74765|226443
74773|226443
74849|226454
74850|226454
74851|226454
74852|226454
74854|226454
74857|226454
74859|226454
74863|226454
74866|226454
74889|226460
74895|226460
74902|226460
74932|226464
74933|226464
74935|226464
74939|226464
74944|226464
74945|226464
74949|226464
74951|226465
74952|226465
74953|226465
74954|226465
74955|226465
74956|226465
74957|226465
74958|226465
74959|226465
74967|226465
75061|226896
75062|226896
75079|226896
75647|228092
75648|228092
75650|228092
75654|228092
75657|228092
75661|228092
75742|228100
75743|228100
75744|228100
75745|228100
75747|228100
75750|228100
75756|228100
76052|228125
76053|228125
76054|228125
76056|228125
76059|228125
76060|228125
76061|228125
76063|228125
76065|228125
76070|228125
76113|228129
76114|228129
76115|228129
76116|228129
76118|228129
76122|228129
76124|228129
76125|228129
76203|228357
76206|228357
76210|228357
76215|228357
76217|228357
76218|228357
76223|228358
76224|228358
76225|228358
76226|228358
76227|228358
76230|228358
76231|228358
76233|228358
76291|228364
76298|228364
76299|228364
76308|228364
76477|228384
76481|228384
76482|228384
76486|228384
76487|228384
76488|228384
76491|228384
76492|228384
76494|228384
76544|228393
76545|228393
76546|228393
76547|228393
76548|228393
76549|228393
76557|228393
76561|228393
77465|228479
77466|228479
77467|228479
77468|228479
77470|228479
77471|228479
77473|228479
77477|228479
77482|228479
77519|228483
77522|228483
77528|228483
77626|228494
77627|228494
77628|228494
77660|228498
77661|228498
77662|228498
77663|228498
77671|228498
77677|228498
77704|228501
77705|228501
77706|228501
77716|228501
77719|228501
77721|228501
77750|228504
77751|228504
77752|228504
77754|228504
77762|228504
77764|228504
77766|228504
77859|228551
77860|228551
77861|228551
77862|228551
77863|228551
77875|228551
77878|228552
77879|228552
77883|228552
77884|228552
77897|228553
77898|228553
77903|228553
77908|228553
77915|228553
78056|228860
78057|228860
78058|228860
78059|228860
78061|228860
78062|228860
78067|228860
78072|228860
78180|228877
78181|228877
78183|228877
78184|228877
78185|228877
78191|228877
78195|228877
78401|229064
78402|229064
78403|229064
78414|229064
78415|229064
78416|229064
78419|229064
78437|229222
78438|229222
78439|229222
78440|229222
78441|229222
78445|229222
78446|229222
78447|229222
78448|229222
78450|229222
78509|229229
78528|229229
78895|229267
78900|229267
78902|229267
78903|229267
78905|229267
78909|229267
78910|229267
79073|229441
79074|229441
79075|229441
79076|229441
79077|229441
79079|229441
79081|229441
79093|229443
79094|229443
79095|229443
79098|229443
79101|229443
79103|229443
79106|229443
79132|230019
79133|230019
79136|230019
79137|230019
79140|230019
79148|230019
79151|230289
79152|230289
79153|230289
79154|230289
79155|230289
79158|230289
79162|230289
79163|230289
79166|230289
79210|230293
79211|230293
79212|230293
79213|230293
79219|230293
79221|230293
79227|230293
79367|230657
79368|230657
79369|230657
79370|230657
79379|230657
79380|230657
79591|230768
79592|230768
79593|230768
79594|230768
79595|230768
79596|230768
79597|230768
79598|230768
79599|230768
79600|230768
79603|230768
79606|230768
79607|230768
79610|230769
79611|230769
79615|230769
79616|230769
79618|230769
79619|230769
79621|230769
79625|230769
79768|231005
79770|231005
79775|231005
79778|231005
79783|231005
80011|231026
80012|231026
80013|231026
80014|231026
80018|231026
80022|231026
80024|231026
80027|231026
80253|231053
80254|231053
80255|231053
80256|231053
80258|231053
80259|231053
80364|231439
80369|231439
80417|231442
80418|231442
80419|231442
80420|231442
80424|231442
80428|231442
80429|231442
80430|231442
80882|231807
80883|231807
80884|231807
80885|231807
80886|231807
80887|231807
80896|231807
80898|231807
81067|231825
81068|231825
81071|231825
81072|231825
81074|231825
81075|231825
81078|231825
81079|231825
81080|231825
81151|231832
81152|231832
81153|231832
81156|231832
81157|231832
81160|231832
81162|231832
81170|231834
81171|231834
81174|231834
81181|231834
81186|231834
81187|231834
81286|231845
81287|231845
81288|231845
81289|231845
81292|231845
81293|231845
81298|231845
81464|231862
81465|231862
81466|231862
81467|231862
81475|231862
81477|231862
81620|231880
81623|231880
81624|231880
81626|231880
81628|231880
81629|231880
81631|231880
81636|231880
81659|231882
81660|231882
81661|231882
81663|231882
81667|231882
81670|231882
81672|231882
81674|231882
81890|231912
81891|231912
81893|231912
81894|231912
81895|231912
81899|231912
81960|231918
81961|231918
81962|231918
81963|231918
81966|231918
81967|231918
82150|232183
82151|232183
82152|232183
82155|232183
82156|232183
82157|232183
82161|232183
82251|232191
82252|232191
82253|232191
82254|232191
82256|232191
82257|232191
82263|232191
82267|232191
82772|232625
82773|232625
82774|232625
82775|232625
82776|232625
82780|232625
82782|232625
82785|232625
82907|232863
82909|232863
82913|232863
82919|232863
83008|232874
83009|232874
83010|232874
83011|232874
83012|232874
83013|232874
83014|232874
83015|232874
83016|232874
83084|232879
85703|234371
85704|234371
85705|234371
85706|234371
85707|234371
85708|234371
85709|234371
85710|234371
85712|234371
85717|234371
85723|234372
85724|234372
85727|234372
85728|234372
85730|234372
85732|234372
85734|234372
85944|234395
85945|234395
85946|234395
85947|234395
85948|234395
85949|234395
85950|234395
85951|234395
85952|234395
85954|234395
85955|234395
85958|234395
85959|234395
87854|235821
87855|235821
87856|235821
87857|235821
87858|235821
87859|235821
87860|235821
87918|235825
87920|235825
87921|235825
87922|235825
87983|235831
87984|235831
87985|235831
87986|235831
87987|235831
88860|236431
88861|236431
88863|236431
88866|236431
89744|236515
89745|236515
89746|236515
89747|236515
89749|236515
89750|236515
89751|236515
89754|236515
89805|236521
89806|236521
89807|236521
89819|236521
89823|236521
89968|236535
89969|236535
89970|236535
89971|236535
89972|236535
89973|236535
89976|236535
89979|236535
89986|236535
90082|236543
90083|236543
90084|236543
90085|236543
90091|236543
90093|236543
90094|236543
90273|236564
90274|236564
90275|236564
90276|236564
90277|236564
90278|236564
90281|236564
90282|236564
90285|236564
90337|236570
90372|236574
90373|236574
90375|236574
90382|236574
90388|236574
90452|236580
90453|236580
90454|236580
90455|236580
90456|236580
90457|236580
90464|236580
90942|236932
90943|236932
90944|236932
90945|236932
90947|236932
90955|236932
90956|236932
91049|237207
91050|237207
91053|237207
91054|237207
91055|237207
91056|237207
91057|237207
91061|237207
91062|237207
91065|237207
91067|237207
91215|237221
91216|237221
91217|237221
91219|237221
91220|237221
91224|237221
91225|237221
91231|237221
91265|237225
91266|237225
91268|237225
91269|237225
91279|237225
91347|237233
91348|237233
91349|237233
91350|237233
91351|237233
91352|237233
91356|237233
91365|237233
91402|237238
91403|237238
91404|237238
91405|237238
91407|237238
91410|237238
91421|237239
91422|237239
91429|237239
91438|237239
91570|237257
91573|237257
91575|237257
91586|237257
91824|237277
91825|237277
91826|237277
91827|237277
91828|237277
91841|237277
91952|237289
91953|237289
91954|237289
91955|237289
91961|237289
91965|237289
91976|237291
91977|237291
91978|237291
91979|237291
91980|237291
91981|237291
91984|237291
91989|237291
91992|237291
92013|237293
92014|237293
92015|237293
92016|237293
92017|237293
92018|237293
92019|237293
92031|237293
94860|238953
94861|238953
94866|238953
94867|238953
94868|238953
94869|238953
94871|238953
94872|238953
94876|238953
95021|239516
95022|239516
95023|239516
95026|239516
95429|239552
95430|239552
95431|239552
95432|239552
95434|239552
95437|239552
95442|239552
95445|239552
95446|239552
96050|240198
96052|240198
96053|240198
96054|240198
96064|240198
96065|240198
96256|240376
96257|240376
96258|240376
96259|240376
96260|240376
96261|240376
96262|240376
96263|240376
96264|240376
96265|240376
96266|240376
96270|240376
96271|240376
96273|240376
96333|240384
96334|240384
96335|240384
96336|240384
96343|240384
96462|240503
96463|240503
96464|240503
96468|240503
96469|240503
96474|240503
96475|240503
96625|240682
96626|240682
96627|240682
96628|240682
96629|240682
96705|240690
96706|240690
96707|240690
96709|240690
96712|240690
96713|240690
96960|240713
96961|240713
96965|240713
96966|240713
96967|240713
96985|240715
96986|240715
96987|240715
96991|240715
96994|240715
96996|240715
97001|240715
97413|240754
97414|240754
97415|240754
97416|240754
97418|240754
97423|240754
97424|240754
97432|240754
97510|240766
97511|240766
97512|240766
97513|240766
97515|240766
97516|240766
97522|240766
97524|240766
97822|241020
97823|241020
97824|241020
97827|241020
97829|241020
97831|241020
97832|241020
97838|241020
97988|241038
97989|241038
97990|241038
97992|241038
97993|241038
97997|241038
98000|241038
98005|241038
98006|241038
98034|241042
98035|241042
98036|241042
98038|241042
98039|241042
98049|241042
98974|241132
98975|241132
98977|241132
98978|241132
98980|241132
98981|241132
98982|241132
98983|241132
98985|241132
98986|241132
98992|241132
99347|241181
99351|241181
99356|241181
99359|241181
99362|241181
99789|241227
99790|241227
99791|241227
99792|241227
99793|241227
99796|241227
99797|241227
99842|241407
99843|241407
99844|241407
99848|241407
99849|241407
99852|241407
99853|241407
99854|241407
99855|241407
99858|241407
99859|241407
99927|241561
99928|241561
99929|241561
99930|241561
99932|241561
99936|241561
99941|241561
100172|241586
100173|241586
100174|241586
100175|241586
100176|241586
100177|241586
100179|241586
100183|241586
100185|241586
100186|241586
100187|241586
100188|241586
100189|241586
100190|241586
100400|241717
100401|241717
100402|241717
100403|241717
100404|241717
100405|241717
100406|241717
100408|241717
100412|241717
100814|241762
100815|241762
100816|241762
100817|241762
100818|241762
100819|241762
100824|241762
102213|242759
102214|242759
102215|242759
102216|242759
102220|242759
102222|242759
102230|242759
102231|242759
102338|242770
102343|242770
102345|242770
102346|242770
102347|242770
102353|242770
102354|242770
102492|242956
102493|242956
102494|242956
102495|242956
102496|242956
102497|242956
102498|242956
102499|242956
102502|242956
102505|242956
102811|243156
102812|243156
102814|243156
102815|243156
102817|243156
102819|243156
102827|243156
102828|243156
102871|243193
102872|243193
102874|243193
102875|243193
102877|243193
102880|243193
102888|243193
103111|243537
103112|243537
103113|243537
103114|243537
103115|243537
103116|243537
103117|243537
103118|243537
103184|243543
103185|243543
103189|243543
103193|243543
103194|243543
103198|243543
103517|243583
103518|243583
103519|243583
103520|243583
103529|243583
103531|243583
103623|243593
103626|243593
103630|243593
103634|243593
103638|243593
103805|243615
103806|243615
103807|243615
103808|243615
103809|243615
103810|243615
103813|243615
103814|243615
103816|243615
103954|243630
103955|243630
103956|243630
103957|243630
103958|243630
103959|243630
103961|243630
104002|243636
104003|243636
104018|243636
104131|243650
104132|243650
104133|243650
104136|243650
104138|243650
104141|243650
104143|243650
104144|243650
104146|243650
104153|243653
104154|243653
104155|243653
104156|243653
104157|243653
104158|243653
104160|243653
104170|243653
104171|243653
104318|243937
104319|243937
104320|243937
104321|243937
104323|243937
104396|243945
104397|243945
104398|243945
104399|243945
104400|243945
104401|243945
104402|243945
104405|243945
104407|243945
104413|243945
104756|243983
104757|243983
104758|243983
104760|243983
104761|243983
104762|243983
104766|243983
104767|243983
104774|243983
104897|244178
104898|244178
104899|244178
104900|244178
104902|244178
104905|244178
104906|244178
104907|244178
104909|244178
104911|244178
104913|244178
105041|244190
105042|244190
105043|244190
105044|244190
105045|244190
105046|244190
105049|244190
105050|244190
105058|244190
105518|244842
105519|244842
105520|244842
105521|244842
105522|244842
105523|244842
105525|244842
105526|244842
105527|244842
105528|244842
105529|244842
105530|244842
105531|244842
105535|244842
105537|244843
105538|244843
105539|244843
105540|244843
105543|244843
105544|244843
105554|244843
105659|245779
105663|245779
105664|245779
105666|245779
105673|245779
105675|245779
105722|245788
105723|245788
105726|245788
105734|245788
105737|245788
106068|245818
106069|245818
106070|245818
106071|245818
106074|245818
106075|245818
106076|245818
106084|245818
106085|245818
106186|245831
106187|245831
106188|245831
106189|245831
106190|245831
106191|245831
106194|245831
106195|245831
106196|245831
106421|245852
106424|245852
106425|245852
106426|245852
106427|245852
106431|245852
106433|245852
106436|245852
106437|245852
106439|245852
106527|245862
106528|245862
106529|245862
106530|245862
106531|245862
106532|245862
106534|245862
106535|245862
106536|245862
106979|246508
106980|246508
106981|246508
106982|246508
106988|246508
106994|246508
107180|246530
107181|246530
107182|246530
107190|246530
107191|246530
107194|246530
107250|246541
107251|246541
107252|246541
107253|246541
107254|246541
107255|246541
107256|246541
107257|246541
107258|246541
107259|246541
107260|246541
107262|246541
107263|246541
107266|246541
107269|246542
107270|246542
107272|246542
107273|246542
107274|246542
107276|246542
107277|246542
107279|246542
107280|246542
107286|246542
107287|246542
107701|246583
107702|246583
107703|246583
107706|246583
107709|246583
107712|246583
107719|246583
107752|246587
107753|246587
107754|246587
107757|246587
107759|246587
107761|246587
107764|246587
108097|246624
108098|246624
108099|246624
108101|246624
108102|246624
108103|246624
108104|246624
108112|246624
109197|247627
109198|247627
109199|247627
109200|247627
109206|247627
109207|247627
109208|247627
109209|247627
109211|247627
109212|247627
109215|247627
109216|247628
109217|247628
109219|247628
109221|247628
109223|247628
109448|247652
109450|247652
109457|247652
109462|247652
109466|247652
109612|247940
109613|247940
109618|247940
109829|247961
109830|247961
109831|247961
109832|247961
109833|247961
109837|247961
109840|247961
109842|247961
109844|247961
110374|248629
110375|248629
110376|248629
110377|248629
110378|248629
110379|248629
110381|248629
110382|248629
110384|248629
110649|248661
110650|248661
110651|248661
110652|248661
110653|248661
110654|248661
110655|248661
110658|248661
110659|248661
110662|248661
110665|248661
110666|248661
110667|248661
110737|248669
110738|248669
110739|248669
110740|248669
110744|248669
110746|248669
110749|248669
110753|248669
110755|248669
110826|248851
110827|248851
110828|248851
110829|248851
110830|248851
110831|248851
110833|248851
110837|248851
110839|248851
110840|248851
111431|248911
111432|248911
111433|248911
111434|248911
111435|248911
111436|248911
111437|248911
111438|248911
111439|248911
111440|248911
111441|248911
111442|248911
111446|248911
111448|248911
111595|248927
111596|248927
111597|248927
111598|248927
111599|248927
111601|248927
111602|248927
111603|248927
111606|248927
111608|248927
111609|248927
111611|248927
111623|248929
111624|248929
111625|248929
111626|248929
111627|248929
111628|248929
111629|248929
111632|248929
111793|248947
111794|248947
111797|248947
111798|248947
111801|248947
111803|248947
111804|248947
111807|248947
111810|248947
112016|248967
112017|248967
112018|248967
112019|248967
112026|248967
112027|248967
112028|248967
112049|248971
112050|248971
112051|248971
112052|248971
112053|248971
112054|248971
112055|248971
112056|248971
112057|248971
112059|248971
112061|248971
112066|248971
112158|248981
112159|248981
112160|248981
112161|248981
112162|248981
112164|248981
112170|248981
112208|249232
112210|249232
112212|249232
112215|249232
112275|249237
112276|249237
112277|249237
112280|249237
112284|249237
112286|249237
112287|249237
112288|249237
112289|249237
112291|249237
112375|249248
112376|249248
112377|249248
112378|249248
112382|249248
112389|249248
112394|249249
112395|249249
112396|249249
112401|249249
112402|249249
112632|249553
112633|249553
112635|249553
112636|249553
112637|249553
112641|249553
112647|249553
112663|249556
112664|249556
112666|249556
112668|249556
112669|249556
112672|249556
112675|249556
112679|249556
112681|249556
112913|249584
112914|249584
112916|249584
112917|249584
112922|249584
112963|249588
112964|249588
112965|249588
112966|249588
112967|249588
112970|249588
112974|249588
112975|249588
113087|249915
113088|249915
113090|249915
113094|249915
113097|249915
113101|249915
113102|249915
113274|249936
113275|249936
113276|249936
113277|249936
113278|249936
113286|249936
113287|249936
113290|249936
113304|249939
113305|249939
113308|249939
113310|249939
113319|249939
114509|250313
114510|250313
114511|250313
114525|250313
114641|250326
114646|250326
114647|250326
114648|250326
114649|250326
114651|250326
114659|250326
115017|251355
115018|251355
115021|251355
115022|251355
115023|251355
115024|251355
115172|251370
115173|251370
115174|251370
115176|251370
115180|251370
115181|251370
115186|251370
115188|251370
115665|252152
115666|252152
115667|252152
115668|252152
115669|252152
115671|252152
115672|252152
115676|252152
115677|252152
115736|252157
115737|252157
115738|252157
115739|252157
115740|252157
115741|252157
115745|252157
116885|252847
116886|252847
116887|252847
116888|252847
116889|252847
116890|252847
116891|252847
116892|252847
116893|252847
116894|252847
116895|252847
116896|252847
116897|252847
116997|252858
116998|252858
116999|252858
117004|252858
117432|252899
117433|252899
117434|252899
117435|252899
117437|252899
117438|252899
117439|252899
117441|252899
117445|252899
117448|252899
117751|253170
117752|253170
117753|253170
117756|253170
117758|253170
117759|253170
117761|253170
117764|253170
117767|253170
119128|254410
119129|254410
119130|254410
119131|254410
119132|254410
119133|254410
119139|254410
119143|254410
119160|254413
119161|254413
119162|254413
119163|254413
119164|254413
119165|254413
119166|254413
119167|254413
119172|254413
119356|255617
119357|255617
119359|255617
119360|255617
119369|255617
119375|255618
119379|255618
119393|255618
119649|255856
119650|255856
119651|255856
119652|255856
119653|255856
119654|255856
119655|255856
119660|255856
119791|256180
119792|256180
119794|256180
119796|256180
119797|256180
119800|256180
119803|256180
119827|256183
119828|256183
119829|256183
119830|256183
119831|256183
119832|256183
119834|256183
119877|256186
119878|256186
119881|256186
119887|256186
119892|256186
119940|256192
119941|256192
119944|256192
119947|256192
119952|256192
119956|256192
120436|256243
120437|256243
120440|256243
120442|256243
120444|256243
120453|256243
120617|256260
120618|256260
120619|256260
120624|256260
120628|256260
120633|256260
120743|256270
120746|256270
120747|256270
120757|256270
120758|256270
120759|256270
120761|256270
120878|256287
120879|256287
120880|256287
120881|256287
120882|256287
120883|256287
120884|256287
120885|256287
120886|256287
120887|256287
120888|256287
120889|256287
120896|256287
121471|256349
121472|256349
121473|256349
121474|256349
121475|256349
121476|256349
121477|256349
121484|256349
121666|256370
121669|256370
121762|256378
121765|256378
121766|256378
121771|256378
121775|256378
121777|256378
121811|256384
121812|256384
121813|256384
121814|256384
121816|256384
121818|256384
121824|256384
121945|256663
121946|256663
121947|256663
121948|256663
121949|256663
121950|256663
121951|256663
121952|256663
121953|256663
121954|256663
121955|256663
121956|256663
121957|256663
121958|256663
121959|256663
122306|256698
122307|256698
122308|256698
122309|256698
122311|256698
122312|256698
122313|256698
122314|256698
122315|256698
122316|256698
122322|256698
122324|256698
122325|256704
122326|256704
122327|256704
122328|256704
122331|256704
122337|256704
122340|256704
122438|257118
122440|257118
122441|257118
122443|257118
122448|257118
122452|257118
122495|257327
122500|257327
122506|257327
122724|257804
122725|257804
122726|257804
122728|257804
122731|257804
122732|257804
122736|257804
122738|257804
122951|257827
122952|257827
122953|257827
122954|257827
122959|257827
122961|257827
122962|257827
122964|257827
122966|257827
122969|257827
123396|258346
123397|258346
123398|258346
123399|258346
123400|258346
123401|258346
123402|258346
123428|258348
123429|258348
123430|258348
123438|258348
123442|258348
123502|258356
123503|258356
123504|258356
123505|258356
123506|258356
123829|258721
123833|258721
123834|258721
123835|258721
123841|258721
123843|258721
123847|258721
123875|258724
123876|258724
123885|258724
123887|258724
123892|258724
123914|258729
123916|258729
123921|258729
124055|258741
124056|258741
124058|258741
124105|258745
124106|258745
124107|258745
124108|258745
124109|258745
124115|258745
124118|258745
124122|258745
124123|258745
124213|258754
124214|258754
124215|258754
124216|258754
124217|258754
124218|258754
124219|258754
124222|258754
124226|258754
124230|258754
124490|258779
124499|258779
124594|258790
124595|258790
124598|258790
124600|258790
125123|259344
125124|259344
125125|259344
125126|259344
125127|259344
125128|259344
125131|259344
125132|259344
125134|259344
125136|259344
125372|259642
125373|259642
125374|259642
125377|259642
125378|259642
125461|259653
125462|259653
125463|259653
125464|259653
125465|259653
125466|259653
125467|259653
125468|259653
125470|259653
126043|260175
126045|260175
126046|260175
126047|260175
126051|260175
126053|260175
126057|260175
126160|260425
126164|260425
126171|260425
126178|260425
126185|260427
126186|260427
126187|260427
126188|260427
126190|260427
126191|260427
126193|260427
126194|260427
126201|260427
126203|260427
126383|260447
126384|260447
126385|260447
126386|260447
126389|260447
126392|260447
126393|260447
126394|260447
126396|260447
126402|260448
126403|260448
126404|260448
126405|260448
126406|260448
126407|260448
126408|260448
126409|260448
126411|260448
126412|260448
126415|260448
126416|260448
126430|260450
126431|260450
126432|260450
126433|260450
126434|260450
126914|261158
126915|261158
126916|261158
126917|261158
126918|261158
126919|261158
126920|261158
126932|261158
126933|261158
127414|261989
127415|261989
127416|261989
127417|261989
127418|261989
127419|261989
127420|261989
127423|261989
127424|261989
127425|261989
127427|261989
127428|261989
127492|262244
127493|262244
127494|262244
127495|262244
127496|262244
127497|262244
127498|262244
127499|262244
127557|262384
127558|262384
127560|262384
127561|262384
127563|262384
127567|262384
127571|262384
127573|262384
127575|262384
127631|262435
127632|262435
127633|262435
127634|262435
127635|262435
127636|262435
127639|262435
127640|262435
127648|262435
127863|262462
127864|262462
127865|262462
127866|262462
127867|262462
127868|262462
127869|262462
127870|262462
127871|262462
127874|262462
127881|262462
128138|262727
128140|262727
128145|262727
128148|262727
128154|262727
128155|262727
129156|263093
129157|263093
129158|263093
129159|263093
129162|263093
129165|263093
129167|263093
129174|263093
129214|263097
129215|263097
129216|263097
129217|263097
129219|263097
129228|263097
129232|263097
129312|263112
129313|263112
129314|263112
129315|263112
129316|263112
129317|263112
129319|263112
129321|263112
129322|263112
129326|263112
129329|263112
130059|263392
130060|263392
130061|263392
130062|263392
130063|263392
130064|263392
130065|263392
130066|263392
130067|263392
130071|263392
130073|263392
130115|263397
130116|263397
130117|263397
130118|263397
130119|263397
130120|263397
130121|263397
130122|263397
130123|263397
130126|263397
130127|263397
130131|263397
130143|263399
130144|263399
130145|263399
130146|263399
130147|263399
130148|263399
130149|263399
130150|263399
130151|263399
130155|263399
130157|263399
130288|263594
130289|263594
130290|263594
130291|263594
130293|263594
130302|263594
130304|263594
130934|264685
130935|264685
130936|264685
130937|264685
130942|264685
130943|264685
130945|264685
130946|264685
131083|264703
131084|264703
131085|264703
131086|264703
131087|264703
131088|264703
131089|264703
131092|264703
131236|264718
131237|264718
131240|264718
131242|264718
131254|264718
131259|264720
131260|264720
131261|264720
131262|264720
131263|264720
131614|264895
131615|264895
131616|264895
131617|264895
131618|264895
131619|264895
131622|264895
131677|264900
131678|264900
131679|264900
131684|264900
131688|264900
131696|264900
131711|264903
131713|264903
131716|264903
131718|264903
131726|264903
131729|264903
131737|264905
131738|264905
131739|264905
131740|264905
131741|264905
131742|264905
131744|264905
131746|264905
131748|264905
131830|265039
131833|265039
131842|265039
131844|265039
131964|265194
131965|265194
131966|265194
131967|265194
131968|265194
131969|265194
131970|265194
131976|265194
131978|265194
132163|265211
132164|265211
132165|265211
132166|265211
132167|265211
132171|265211
132173|265211
132176|265211
132181|265211
132310|265488
132311|265488
132312|265488
132313|265488
132320|265488
132327|265488
132382|265493
132383|265493
132384|265493
132386|265493
132388|265493
132395|265493
132584|265819
132585|265819
132586|265819
132587|265819
132588|265819
132589|265819
132591|265819
132594|265819
132595|265819
132602|265819
132695|265831
132696|265831
132697|265831
132698|265831
132699|265831
132713|265831
132882|266026
132883|266026
132884|266026
132885|266026
132886|266026
132887|266026
132890|266026
132891|266026
132892|266026
132895|266026
132900|266026
132950|266280
132951|266280
132952|266280
132954|266280
132955|266280
132958|266280
132961|266280
132962|266280
132969|266281
132970|266281
132971|266281
132972|266281
132973|266281
132974|266281
132975|266281
132977|266281
132978|266281
132983|266281
132988|266282
132989|266282
132990|266282
132991|266282
132992|266282
132993|266282
132999|266282
133002|266282
133005|266282
133006|266282
133773|267014
133775|267014
133781|267014
133782|267014
133967|267031
133968|267031
133969|267031
133971|267031
133973|267031
133974|267031
133978|267031
133980|267031
133982|267031
133983|267031
133984|267031
134131|267157
134132|267157
134136|267157
134141|267157
134143|267157
134150|267158
134151|267158
134152|267158
134153|267158
134154|267158
134155|267158
134156|267158
134157|267158
134158|267158
134163|267158
134240|267315
134241|267315
134242|267315
134243|267315
134244|267315
134245|267315
134246|267315
134248|267315
134249|267315
134250|267315
134251|267315
134252|267315
134293|267321
134294|267321
134295|267321
134296|267321
134297|267321
134298|267321
134299|267321
134301|267321
134302|267321
134310|267321
134349|267327
134350|267327
134351|267327
134352|267327
134353|267327
134354|267327
134355|267327
134356|267327
134360|267327
134364|267327
134604|267538
134606|267538
134622|267538
134843|268419
134844|268419
134845|268419
134847|268419
134888|268424
134889|268424
134890|268424
134891|268424
134892|268424
134893|268424
134894|268424
134897|268424
134898|268424
134900|268424
134906|268424
134962|268586
134963|268586
134964|268586
134965|268586
134966|268586
134967|268586
134968|268586
134969|268586
134979|268586
135392|268825
135393|268825
135394|268825
135395|268825
135396|268825
135397|268825
135398|268825
135399|268825
135401|268825
135405|268825
135409|268825
135506|268835
135507|268835
135508|268835
135509|268835
135510|268835
135511|268835
135514|268835
135515|268835
135516|268835
135521|268835
135671|268853
135672|268853
135673|268853
135674|268853
135675|268853
135677|268853
135678|268853
135679|268853
135680|268853
135683|268853
135684|268853
135685|268853
135744|268859
135745|268859
135746|268859
135747|268859
135750|268859
135756|268859
135847|268869
135848|268869
135849|268869
135850|268869
135851|268869
135853|268869
135976|269674
135983|269674
135985|269674
135991|269674
135995|269675
135996|269675
136000|269675
136004|269675
136005|269675
136008|269675
136012|269675
136136|269859
136137|269859
136138|269859
136139|269859
136141|269859
136147|269859
136150|269859
136279|270087
136280|270087
136281|270087
136282|270087
136286|270087
136292|270087
136294|270087
136345|270139
136346|270139
136347|270139
136348|270139
136351|270139
136352|270139
136353|270139
136355|270139
136356|270139
136600|270166
136601|270166
136602|270166
136603|270166
136604|270166
136605|270166
136607|270166
136608|270166
136610|270166
136617|270166
136618|270166
136670|270176
136672|270176
136676|270176
136679|270176
136824|270199
136825|270199
136826|270199
136828|270199
136829|270199
136830|270199
136834|270199
136838|270199
136841|270199
136842|270199
136860|270201
136861|270201
136862|270201
136867|270201
136876|270201
136924|270207
136925|270207
136926|270207
136928|270207
136929|270207
136932|270207
137008|270214
137009|270214
137010|270214
137012|270214
137015|270214
137016|270214
137017|270214
137018|270214
137025|270214
137047|270216
137048|270216
137049|270216
137052|270216
137056|270216
137060|270216
137061|270216
137231|270237
137232|270237
137239|270237
137248|270237
137313|270244
137314|270244
137315|270244
137316|270244
137318|270244
137471|270537
137478|270537
137483|270537
137877|270996
137878|270996
137879|270996
137881|270996
137882|270996
137883|270996
137886|270996
137890|270996
137892|270996
138030|271806
138032|271806
138033|271806
138035|271806
138037|271806
138038|271806
138039|271806
138041|271806
138042|271806
139119|273048
139124|273048
139125|273048
139136|273048
139426|273633
139427|273633
139428|273633
139435|273633
139437|273633
139663|274085
139664|274085
139665|274085
139676|274085
139716|274093
139722|274093
139723|274093
139728|274093
139782|274100
139783|274100
139784|274100
139785|274100
139786|274100
139788|274100
139789|274100
139791|274100
139793|274100
139854|274844
139855|274844
139856|274844
139857|274844
139858|274844
139859|274844
139861|274844
139867|274844
140834|276761
140835|276761
140836|276761
140838|276761
140839|276761
140840|276761
140847|276761
140920|276888
140921|276888
140922|276888
140923|276888
140926|276888
140933|276888
141159|277204
141160|277204
141161|277204
141165|277204
141166|277204
141172|277204
141177|277204
141178|277205
141179|277205
141182|277205
141183|277205
141184|277205
141186|277205
141187|277205
141192|277205
141194|277205
141243|277210
141244|277210
141245|277210
141246|277210
141250|277210
141253|277210
141339|277546
141340|277546
141342|277546
141345|277546
141352|277546
142521|277933
142522|277933
142523|277933
142526|277933
142528|277933
142529|277933
142530|277933
142740|277949
142741|277949
142742|277949
142743|277949
142744|277949
142746|277949
142756|277949
142757|277949
142759|277951
142765|277951
142770|277951
142776|277951
142777|277951
142913|277966
142914|277966
142915|277966
142916|277966
142917|277966
142918|277966
142919|277966
142920|277966
142921|277966
142922|277966
142923|277966
142924|277966
142925|277966
142928|277966
143007|277974
143008|277974
143009|277974
143011|277974
143013|277974
143015|277974
143016|277974
143017|277974
143354|278264
143355|278264
143356|278264
143358|278264
143360|278264
143367|278264
143782|278772
143783|278772
143784|278772
143785|278772
143786|278772
143799|278772
143801|278772
143981|278789
143982|278789
143986|278789
143990|278789
143992|278789
144309|279225
144310|279225
144314|279225
144315|279225
144395|279464
144396|279464
144399|279464
144406|279464
144862|279630
144863|279630
144864|279630
144867|279630
144871|279630
144872|279630
144873|279630
144875|279630
145463|281335
145464|281335
145465|281335
145467|281335
145468|281335
145469|281335
145471|281335
145479|281335
146144|282252
146145|282252
146146|282252
146147|282252
146148|282252
146149|282252
146150|282252
146151|282252
146154|282252
146159|282252
146597|283421
146598|283421
146599|283421
146601|283421
146606|283421
146632|283423
146634|283423
146639|283423
146645|283423
146649|283423
146741|283433
146744|283433
146749|283433
146754|283433
146993|283457
146994|283457
147003|283457
147420|284244
147421|284244
147422|284244
147432|284244
147434|284244
147438|284244
147440|284246
147441|284246
147442|284246
147445|284246
147447|284246
147448|284246
147452|284246
147454|284246
147455|284246
147626|284331
147629|284331
147642|284331
147834|284441
147835|284441
147836|284441
147837|284441
147842|284441
147846|284441
147847|284441
148051|284465
148062|284465
148100|284468
148101|284468
148102|284468
148103|284468
148104|284468
148106|284468
148107|284468
148108|284468
148206|284481
148207|284481
148208|284481
148210|284481
148212|284481
148219|284481
148223|284481
148955|285895
148956|285895
148958|285895
148959|285895
148962|285895
148963|285895
148966|285895
148967|285895
149039|285903
149040|285903
149042|285903
149319|286207
149321|286207
149322|286207
149323|286207
149324|286207
149327|286207
149329|286207
149330|286207
149331|286207
149337|286207
149385|286213
149386|286213
149387|286213
149388|286213
149389|286213
149390|286213
149393|286213
149394|286213
149400|286213
149402|286213
149561|286229
149562|286229
149563|286229
149564|286229
149565|286229
149571|286229
149577|286229
149579|286229
149639|286237
149640|286237
149642|286237
149645|286237
149650|286237
149651|286237
149656|286237
149721|286247
149724|286247
149730|286247
149731|286247
149737|286247
150697|287226
150698|287226
150699|287226
150705|287226
150707|287226
150712|287226
150713|287226
150716|287226
150849|288115
150850|288115
150851|288115
150852|288115
150854|288115
150855|288115
150864|288115
150866|288115
151092|288136
151093|288136
151094|288136
151095|288136
151096|288136
151103|288136
151105|288136
151106|288136
151558|288184
151560|288184
151564|288184
151570|288184
151575|288184
152569|289494
152570|289494
152571|289494
152575|289494
152577|289494
152582|289494
152586|289494
152654|289501
152655|289501
152657|289501
152659|289501
152660|289501
152661|289501
152664|289501
152665|289501
152666|289501
152668|289501
152670|289501
152671|289501
152672|289501
152751|289738
152752|289738
152753|289738
152770|289740
152773|289740
152776|289740
152783|289740
152822|289744
152823|289744
152824|289744
152825|289744
152829|289744
152839|289744
153260|290508
153261|290508
153262|290508
153263|290508
153264|290508
153265|290508
153266|290508
153267|290508
153271|290508
153274|290508
153277|290508
153365|291418
153366|291418
153367|291418
153368|291418
153372|291418
153375|291418
153378|291418
153381|291418
153497|291801
153498|291801
153499|291801
153500|291801
153501|291801
153502|291801
153503|291801
153504|291801
153505|291801
153506|291801
153507|291801
153508|291801
153509|291801
153510|291801
153511|291801
153632|291815
153633|291815
153639|291815
153651|291815
153794|291838
153795|291838
153796|291838
153797|291838
153798|291838
153799|291838
153800|291838
153809|291838
153811|291838
153941|291926
153942|291926
153943|291926
153948|291926
153949|291926
153953|291926
153957|291926
154460|291976
154466|291976
155227|292729
155233|292729
155234|292729
155236|292729
155238|292729
155243|292729
155266|292732
155267|292732
155268|292732
155269|292732
155272|292732
155273|292732
155276|292732
155346|292741
155347|292741
155348|292741
155351|292741
155353|292741
155359|292741
155381|292744
155382|292744
155383|292744
155384|292744
155385|292744
155387|292744
155398|292744
155447|293126
155452|293126
155455|293126
155456|293126
155458|293126
155463|293126
155710|293156
155713|293156
155722|293156
155797|293404
155803|293404
155808|293404
155809|293404
155813|293404
155930|293451
155931|293451
155933|293451
155934|293451
155944|293451
155948|293451
156192|293489
156193|293489
156194|293489
156196|293489
156199|293489
156203|293489
156313|293765
156314|293765
156315|293765
156316|293765
156318|293765
156320|293765
156324|293765
156328|293765
156331|293765
156422|293777
156423|293777
156424|293777
156425|293777
156426|293777
156427|293777
156431|293777
156432|293777
156440|293777
156462|293781
156464|293781
156466|293781
156473|293781
156822|293820
156823|293820
156824|293820
156825|293820
156826|293820
156834|293820
157036|294042
157037|294042
157039|294042
157040|294042
157042|294042
157053|294042
157125|294498
157126|294498
157127|294498
157128|294498
157131|294498
157132|294498
157142|294498
157143|294498
157170|294678
157171|294678
157175|294678
157187|294678
157188|294678
157222|294683
157223|294683
157224|294683
157225|294683
157226|294683
157227|294683
157228|294683
157229|294683
157236|294683
157670|295165
157671|295165
157672|295165
157673|295165
157674|295165
157675|295165
157676|295165
157677|295165
157679|295165
157680|295165
157681|295165
157685|295165
157687|295165
157885|295412
157886|295412
157887|295412
157888|295412
157889|295412
157890|295412
157896|295412
157899|295412
157967|295419
157970|295419
157977|295419
157979|295419
157984|295419
158193|295445
158198|295445
158202|295445
158205|295445
158211|295445
158216|295447
158217|295447
158218|295447
158219|295447
158222|295447
158223|295447
158301|295456
158302|295456
158306|295456
158308|295456
158311|295456
158312|295456
158517|295628
158518|295628
158519|295628
158520|295628
158524|295628
158534|295628
158749|295779
158750|295779
158754|295779
158757|295779
158760|295779
158761|295779
158852|295789
158853|295789
158855|295789
158858|295789
158868|295789
159291|296508
159292|296508
159293|296508
159294|296508
159295|296508
159301|296508
159307|296508
159390|296519
159391|296519
159392|296519
159393|296519
159400|296519
159403|296519
159408|296519
159699|296748
159700|296748
159701|296748
159702|296748
159703|296748
159705|296748
159713|296748
159813|296760
159814|296760
159815|296760
159816|296760
159817|296760
159818|296760
159819|296760
159820|296760
159825|296760
159828|296760
159831|296760
159869|296766
159870|296766
159875|296766
159886|296766
160000|296783
160001|296783
160002|296783
160004|296783
160005|296783
160012|296783
160014|296783
160017|296783
160018|296783
160887|298737
160888|298737
160892|298737
160897|298737
160904|298737
160927|298743
160928|298743
160930|298743
160931|298743
160932|298743
160934|298743
160935|298743
160936|298743
160939|298743
160942|298743
160944|298743
161006|298750
161007|298750
161008|298750
161018|298750
161021|298750
161025|298751
161026|298751
161027|298751
161028|298751
161032|298751
161033|298751
161037|298751
161490|299515
161491|299515
161492|299515
161493|299515
161494|299515
161495|299515
161496|299515
161497|299515
161502|299515
161590|299591
161591|299591
161592|299591
161593|299591
161594|299591
161595|299591
161618|299594
161620|299594
161625|299594
161626|299594
161628|299594
161700|299860
161704|299860
161779|299866
161780|299866
161781|299866
161782|299866
161783|299866
161788|299866
161793|299866
161796|299866
161911|299878
161912|299878
162048|300385
162049|300385
162050|300385
162051|300385
162052|300385
162053|300385
162054|300385
162055|300385
162056|300385
162057|300385
162058|300385
162059|300385
162060|300385
162061|300385
162062|300385
162138|300638
162140|300638
162143|300638
162147|300638
162149|300638
162178|300641
162179|300641
162180|300641
162181|300641
162182|300641
162183|300641
162184|300641
162188|300641
162190|300641
162308|300940
162309|300940
162310|300940
162313|300940
162314|300940
162315|300940
162319|300940
162566|300964
162567|300964
162570|300964
162572|300964
162574|300964
162577|300964
163151|301026
163152|301026
163153|301026
163155|301026
163158|301026
163162|301026
163168|301026
163370|301255
163371|301255
163372|301255
163373|301255
163374|301255
163375|301255
163378|301255
163381|301255
163383|301255
163874|302051
163875|302051
163876|302051
163877|302051
163878|302051
163879|302051
163880|302051
163881|302051
163882|302051
163883|302051
163884|302051
163885|302051
163886|302051
163887|302051
163888|302051
163889|302051
163891|302051
163913|302053
163914|302053
163915|302053
163916|302053
163917|302053
163918|302053
163919|302053
163920|302053
163921|302053
163922|302053
163923|302053
163924|302053
163925|302053
163926|302053
163929|302053
163930|302053
164134|302371
164135|302371
164136|302371
164137|302371
164138|302371
164139|302371
164140|302371
164150|302371
164187|302606
164190|302606
164192|302606
164198|302606
164200|302606
164204|302606
164205|302606
164219|302608
164220|302608
164223|302608
164229|302608
164233|302608
164234|302608
164235|302608
164293|302617
164294|302617
164295|302617
164296|302617
164297|302617
164298|302617
164299|302617
164300|302617
164301|302617
164302|302617
164303|302617
164304|302617
164311|302617
164349|302625
164351|302625
164361|302625
164418|302630
164421|302630
164423|302630
164424|302630
164660|302653
164661|302653
164663|302653
164664|302653
164666|302653
164667|302653
164669|302653
164670|302653
164672|302653
164675|302653
164843|302671
164845|302671
164846|302671
164847|302671
164978|302684
164979|302684
164980|302684
164982|302684
164983|302684
164986|302684
165233|302822
165237|302822
165238|302822
165242|302822
165246|302822
165248|302822
165335|302836
165336|302836
165337|302836
165339|302836
165340|302836
165347|302836
165348|302836
165462|302846
165463|302846
165464|302846
165465|302846
165467|302846
165475|302846
165479|302846
165725|303982
165726|303982
165727|303982
165728|303982
165729|303982
165731|303982
165733|303982
165735|303982
165741|303982
165743|303982
165789|304057
165799|304057
165802|304057
165803|304057
165925|304070
165926|304070
165927|304070
165930|304070
165931|304070
165932|304070
165933|304070
165943|304070
167886|307648
167887|307648
167888|307648
167890|307648
167893|307648
167894|307648
167896|307648
168330|308572
168332|308572
168336|308572
168340|308572
168343|308572
168348|308572
168448|308580
168449|308580
168450|308580
168452|308580
168455|308580
168461|308580
168490|308585
168491|308585
168501|308585
168535|308591
168536|308591
168537|308591
168538|308591
168539|308591
168540|308591
168545|308591
168745|309559
168747|309559
168748|309559
168749|309559
168750|309559
168753|309559
168755|309559
168815|309883
168817|309883
168819|309883
168824|309883
168826|309883
168832|309883
168894|309891
168895|309891
168898|309891
168903|309891
169003|310101
169004|310101
169005|310101
169015|310101
169016|310101
169535|310365
169536|310365
169540|310365
169541|310365
169543|310365
169545|310365
169565|310462
169566|310462
169567|310462
169568|310462
169572|310462
169582|310462
169583|310462
169662|310557
169663|310557
169664|310557
169673|310557
169677|310557
169911|310833
169912|310833
169914|310833
169917|310833
169919|310833
169920|310833
169922|310833
169927|310833
170047|310855
170049|310855
170051|310855
170054|310855
170055|310855
170192|310870
170193|310870
170195|310870
170197|310870
170199|310870
170296|310884
170297|310884
170298|310884
170299|310884
170300|310884
170301|310884
170302|310884
170303|310884
170304|310884
170305|310884
170306|310884
170307|310884
170309|310884
170561|311138
170562|311138
170563|311138
170565|311138
170570|311138
171017|311188
171020|311188
171023|311188
171025|311188
171026|311188
171054|311192
171055|311192
171057|311192
171059|311192
171060|311192
171061|311192
171066|311192
171069|311192
171070|311192
171071|311192
171353|311225
171354|311225
171356|311225
171357|311225
171361|311225
171364|311225
172536|311886
172537|311886
172538|311886
172539|311886
172547|311886
172548|311886
172551|311886
172555|311886
172601|311891
172602|311891
172604|311891
172605|311891
172607|311891
173335|312580
173337|312580
173338|312580
173339|312580
173340|312580
173346|312580
173628|312736
173629|312736
173630|312736
173631|312736
173635|312736
173637|312736
173646|312736
173719|312745
173720|312745
173721|312745
173723|312745
173724|312745
173725|312745
173726|312745
173727|312745
173728|312745
173734|312745
173735|312745
173917|313071
173918|313071
173919|313071
173920|313071
173921|313071
173924|313071
173927|313071
173928|313071
173932|313071
173933|313071
173961|313077
173962|313077
173963|313077
173965|313077
173966|313077
173968|313077
173969|313077
173970|313077
173971|313077
173979|313077
174263|313850
174264|313850
174265|313850
174266|313850
174270|313850
174273|313850
174275|313850
174670|313892
174672|313892
174675|313892
174676|313892
174678|313892
174683|313892
174687|313892
174710|313897
174714|313897
174716|313897
174718|313897
174728|313897
174852|313911
174854|313911
174855|313911
174856|313911
174857|313911
174858|313911
174859|313911
174860|313911
174867|313911
174950|313920
174951|313920
174952|313920
174953|313920
174954|313920
174955|313920
174956|313920
174965|313920
174983|313923
174984|313923
174986|313923
174991|313923
174999|313923
175000|313923
175137|313938
175138|313938
175139|313938
175140|313938
175146|313938
175147|313938
175335|314425
175336|314425
175337|314425
175338|314425
175339|314425
175340|314425
175341|314425
175342|314425
175343|314425
175344|314425
175345|314425
175346|314425
175347|314425
175348|314425
175349|314425
175352|314425
176133|315281
176134|315281
176135|315281
176136|315281
176138|315281
176141|315281
176144|315281
176452|315310
176453|315310
176454|315310
176456|315310
176459|315310
176464|315310
176623|315332
176624|315332
176626|315332
176628|315332
176635|315332
176636|315332
176637|315332
176642|315332
176736|315344
176739|315344
176740|315344
176741|315344
176742|315344
176746|315344
176750|315344
176793|315349
176796|315349
176805|315349
176811|315349
177390|315406
177391|315406
177392|315406
177394|315406
177395|315406
177398|315406
177402|315406
177407|315406
177620|315433
177621|315433
177622|315433
177623|315433
177627|315433
177653|315435
177654|315435
177655|315435
177656|315435
177657|315435
177658|315435
177659|315435
177660|315435
177664|315435
177666|315435
177671|315435
177745|315445
177746|315445
177750|315445
177751|315445
177752|315445
177754|315445
177756|315445
177758|315445
177761|315445
177762|315445
178322|315754
178323|315754
178326|315754
178328|315754
178332|315754
178334|315754
178453|315765
178462|315765
178465|315765
178838|316385
178839|316385
178840|316385
178844|316385
178846|316385
178848|316385
178849|316385
178855|316385
178857|316385
182537|320089
182538|320089
182539|320089
182541|320089
182546|320089
182629|320095
182631|320095
182633|320095
182639|320095
182647|320095
183352|321891
183353|321891
183354|321891
183359|321891
183361|321891
183370|321891
183404|321895
183405|321895
183407|321895
183408|321895
183409|321895
183410|321895
183411|321895
183413|321895
183418|321895
183419|321895
183421|321895
183449|321899
183451|321899
183457|321899
183461|321899
183466|321899
183487|321903
183488|321903
183489|321903
183490|321903
183495|321903
183503|321903
183504|321903
183612|321917
183613|321917
183623|321917
183914|322269
183915|322269
183917|322269
183920|322269
183923|322269
183926|322269
184538|323143
184539|323143
184540|323143
184541|323143
184542|323143
184543|323143
184546|323143
184550|323143
184557|323143
184819|323615
184820|323615
184821|323615
184823|323615
184824|323615
184825|323615
184826|323615
184831|323615
184896|323628
184899|323628
184903|323628
184904|323628
184906|323628
184907|323628
184911|323628
184912|323628
184915|323630
184916|323630
184922|323630
184927|323630
184957|323635
184960|323635
184963|323635
184964|323635
184969|323635
185187|324222
185189|324222
185190|324222
185193|324222
185204|324222
185621|324269
185622|324269
185623|324269
185624|324269
185629|324269
185632|324269
185635|324269
185637|324269
185638|324269
185737|324511
185738|324511
185740|324511
185741|324511
185745|324511
185748|324511
185749|324511
185750|324511
185754|324511
185775|324514
185776|324514
185778|324514
185781|324514
185782|324514
185785|324514
185787|324514
185794|324515
185797|324515
185803|324515
185804|324515
185805|324515
185829|324520
185830|324520
185831|324520
185832|324520
185833|324520
185838|324520
185843|324520
185845|324520
186073|324542
186074|324542
186075|324542
186076|324542
186077|324542
186078|324542
186086|324542
186292|324824
186294|324824
186297|324824
186298|324824
186300|324824
186301|324824
186303|324824
186304|324824
186306|324824
186307|324824
186553|324849
186554|324849
186555|324849
186560|324849
186566|324849
186569|324849
186681|324978
186683|324978
186686|324978
186690|324978
186692|324978
186799|324991
186800|324991
186802|324991
186803|324991
186804|324991
186810|324991
186813|324991
186816|324991
186831|324994
186833|324994
186834|324994
186835|324994
186837|324994
186845|324994
187381|325548
187383|325548
187912|326084
187913|326084
187914|326084
187915|326084
187916|326084
187917|326084
187927|326084
187977|326089
187978|326089
187981|326089
187984|326089
187986|326089
187990|326089
187991|326089
187992|326089
187995|326089
188141|326104
188142|326104
188144|326104
188146|326104
188150|326104
188153|326104
188270|326117
188271|326117
188275|326117
188277|326117
188279|326117
188286|326117
188352|326123
188353|326123
188354|326123
188355|326123
188356|326123
188360|326123
188361|326123
188362|326123
188366|326123
188394|326126
188395|326126
188397|326126
188398|326126
188399|326126
188400|326126
188401|326126
188402|326126
188411|326126
188504|326136
188505|326136
188507|326136
188508|326136
188509|326136
188510|326136
188515|326136
188516|326136
188518|326136
188519|326136
188521|326136
189156|326209
189157|326209
189158|326209
189159|326209
189166|326209
189171|326209
189205|326215
189206|326215
189207|326215
189208|326215
189209|326215
189213|326215
189221|326215
189403|326373
189404|326373
189405|326373
189409|326373
189411|326373
189417|326373
189418|326373
189419|326373
189463|326518
189464|326518
189465|326518
189469|326518
189477|326518
189480|326518
189579|326530
189580|326530
189583|326530
189585|326530
189593|326530
189595|326530
189596|326530
190261|327115
190262|327115
190265|327115
190268|327115
190271|327115
190274|327115
190276|327115
190288|327510
190289|327510
190291|327510
190293|327510
