Forum_id|Person_id
1499|190363
1500|190363
1501|190363
1502|190363
1503|190363
1504|190363
1505|190363
1506|190363
1507|190363
1508|190363
1509|190363
1510|190363
1511|190363
1512|190363
1513|190363
1514|190363
1515|190363
1516|190363
1517|190363
1518|190363
1519|190363
1520|190363
1521|190363
1522|190363
1523|190363
1524|190363
1525|190363
1526|190363
1600|190376
1601|190376
1602|190376
1603|190376
1604|190376
1605|190376
1606|190376
1607|190376
1608|190376
1609|190376
1610|190376
1611|190376
1612|190376
1613|190376
1614|190376
1615|190376
1616|190376
1617|190376
1618|190376
1619|190376
1636|190382
1637|190382
1639|190384
1640|190384
1641|190384
1642|190384
1643|190384
1644|190384
1645|190384
1646|190384
1647|190384
1648|190384
1649|190384
1650|190384
1651|190384
1652|190384
1653|190384
1654|190384
1655|190384
1656|190384
1657|190384
1658|190384
1659|190384
1660|190384
1661|190384
1662|190384
1665|190387
1666|190387
1667|190387
1668|190387
1669|190387
1670|190387
1671|190387
1672|190387
1673|190387
1674|190387
1675|190387
1676|190387
1677|190387
1678|190387
1679|190387
1680|190387
1681|190387
1682|190388
1683|190388
1684|190388
1685|190388
1686|190388
1687|190388
1688|190388
1689|190388
1690|190388
1691|190388
1692|190388
1693|190388
1694|190388
1695|190388
1696|190388
1697|190388
1698|190388
1699|190389
1700|190389
1701|190389
1702|190389
1703|190389
1704|190389
1705|190389
1706|190389
1707|190389
1708|190389
1709|190389
1710|190389
1711|190389
1712|190389
1713|190389
1714|190389
1715|190389
1818|190398
1819|190398
1820|190398
1821|190398
1822|190398
1823|190398
1824|190398
1825|190398
1826|190398
1827|190398
1828|190398
1829|190398
1830|190398
1831|190398
1832|190398
1833|190398
1834|190398
1835|190398
1836|190398
1837|190398
1838|190398
1839|190398
1840|190398
1841|190398
1928|190406
1929|190406
1930|190406
1931|190406
1932|190406
1933|190406
1936|190409
1937|190409
1938|190409
1939|190409
1940|190409
1941|190409
1942|190409
1943|190409
1944|190409
1945|190409
1946|190409
1947|190409
1948|190409
1949|190409
1950|190409
1951|190409
1952|190409
1953|190409
1954|190409
1955|190409
1956|190409
1957|190409
1958|190409
1959|190409
1960|190409
1961|190409
1962|190409
1963|190409
1964|190409
1965|190409
1967|190411
1968|190411
1969|190411
1970|190411
1971|190411
1972|190411
1973|190411
1974|190411
1975|190411
1976|190411
1977|190411
1978|190411
1979|190411
1980|190411
1981|190411
1982|190411
1983|190411
1984|190411
1985|190411
1986|190411
1987|190411
1988|190411
1989|190411
1990|190411
1991|190411
1992|190411
1993|190411
1994|190411
1995|190411
1996|190411
2071|190419
2072|190419
2073|190419
2074|190419
2075|190419
2076|190419
2183|190433
2184|190433
2185|190433
2186|190433
2187|190433
2188|190433
2189|190433
2190|190433
2191|190433
2192|190433
2193|190433
2194|190433
2195|190433
2196|190433
2197|190433
2198|190433
2201|190436
2202|190436
2203|190436
2204|190436
2205|190436
2206|190436
2207|190436
2208|190436
2209|190436
2210|190436
2211|190436
2212|190436
2213|190436
2214|190436
2215|190436
2216|190436
2217|190437
2218|190437
2219|190437
2220|190437
2221|190437
2222|190437
2223|190437
2224|190437
2225|190437
2226|190437
2227|190437
2228|190437
2229|190437
2230|190437
2231|190437
2232|190437
2245|190439
2246|190439
2247|190439
2248|190439
2249|190439
2250|190439
2251|190439
2252|190439
2253|190439
2254|190439
2255|190439
2256|190439
2257|190439
2258|190439
2259|190439
2274|190445
2275|190445
2312|190449
2313|190449
2314|190449
2315|190449
2316|190449
2317|190449
2318|190449
2319|190449
2320|190449
2321|190449
2322|190449
2323|190449
2324|190449
2325|190449
2326|190449
2327|190449
2328|190449
2329|190449
2330|190449
2331|190449
2333|190451
2334|190451
2335|190451
2336|190451
2337|190451
2338|190451
2339|190451
2340|190451
2341|190451
2342|190451
2343|190451
2344|190451
2345|190451
2346|190451
2347|190451
2348|190451
2368|190453
2369|190453
2370|190453
2371|190453
2372|190453
2373|190453
2374|190453
2375|190453
2376|190453
2377|190453
2378|190453
2379|190453
2380|190453
2381|190453
2382|190453
2424|190461
2425|190461
2426|190461
2427|190461
2428|190461
2429|190461
2430|190461
2431|190461
2432|190461
2433|190461
2434|190461
2435|190461
2436|190461
2437|190461
2438|190461
2439|190461
2440|190461
2441|190461
2442|190461
2445|190464
2446|190464
2447|190464
2448|190464
2449|190464
2450|190464
2451|190464
2452|190464
2453|190464
2454|190464
2455|190464
2456|190464
2457|190464
2458|190464
2459|190464
2460|190464
2461|190464
2462|190465
2463|190465
2464|190465
2465|190465
2466|190465
2467|190465
2468|190465
2469|190465
2470|190465
2471|190465
2472|190465
2473|190465
2474|190465
2475|190465
2476|190465
2477|190465
2478|190466
2479|190466
2480|190466
2481|190466
2482|190466
2483|190466
2489|190468
2490|190468
2491|190468
2492|190468
2493|190468
2494|190468
2525|190472
2526|190472
2527|190472
2528|190472
2529|190472
2530|190472
2531|190472
2532|190472
2533|190472
2534|190472
2535|190472
2536|190472
2537|190472
2538|190472
2539|190472
2540|190472
2541|190472
2542|190472
2543|190472
2544|190472
2590|190476
2591|190476
2592|190476
2593|190476
2594|190476
2595|190476
2596|190476
2597|190476
2598|190476
2599|190476
2600|190476
2601|190476
2602|190476
2603|190476
2604|190476
2605|190476
2606|190476
2670|190488
2671|190488
2672|190488
2673|190488
2674|190488
2675|190488
2676|190488
2677|190488
2678|190488
2679|190488
2680|190488
2681|190488
2682|190488
2683|190488
2684|190488
2699|190493
2700|190493
2792|190503
2793|190503
2794|190503
2795|190503
2796|190503
2797|190503
2798|190503
2799|190503
2800|190503
2801|190503
2802|190503
2803|190503
2804|190503
2805|190503
2806|190503
2807|190503
2808|190503
2821|190506
2822|190506
2825|190509
2826|190509
2827|190510
2828|190510
2829|190510
2830|190510
2831|190510
2832|190510
2833|190510
2989|190524
2990|190524
2992|190526
2993|190526
3073|190531
3074|190531
3075|190531
3076|190531
3077|190531
3078|190531
3079|190531
3080|190531
3081|190531
3082|190531
3083|190531
3084|190531
3085|190531
3086|190531
3087|190531
3088|190531
3089|190531
3090|190531
3091|190531
3092|190531
3114|190536
3115|190536
3131|190544
3132|190544
3133|190544
3134|190544
3135|190544
3136|190544
3137|190544
3138|190544
3139|190544
3140|190544
3141|190544
3142|190544
3143|190544
3144|190544
3145|190544
3146|190544
3147|190544
3148|190544
3149|190544
3150|190544
3151|190544
3152|190544
3153|190544
3154|190544
3156|190546
3157|190546
3158|190546
3159|190546
3160|190546
3161|190546
3162|190546
3163|190546
3164|190546
3165|190546
3166|190546
3167|190546
3168|190546
3169|190546
3170|190546
3171|190546
3172|190546
3173|190546
3174|190546
3175|190546
3176|190546
3177|190546
3178|190546
3181|190549
3182|190549
3183|190549
3184|190549
3185|190549
3186|190549
3187|190549
3188|190549
3189|190549
3190|190549
3191|190549
3192|190549
3193|190549
3194|190549
3195|190549
3196|190549
3197|190549
3198|190549
3199|190549
3200|190549
3201|190549
3202|190549
3203|190549
3204|190549
3206|190551
3207|190551
3208|190552
3209|190552
3210|190552
3211|190552
3212|190552
3213|190552
3214|190552
3215|190552
3216|190552
3217|190552
3218|190552
3219|190552
3220|190552
3221|190552
3222|190552
3223|190553
3224|190553
3225|190553
3226|190553
3227|190553
3228|190553
3229|190553
3230|190553
3231|190553
3232|190553
3233|190553
3234|190553
3235|190553
3236|190553
3237|190553
3238|190553
3322|190563
3323|190563
3324|190563
3325|190563
3326|190563
3327|190563
3328|190563
3329|190563
3330|190563
3331|190563
3332|190563
3333|190563
3334|190563
3335|190563
3336|190563
3337|190563
3338|190563
3339|190563
3340|190563
3341|190563
3342|190563
3343|190563
3344|190563
3345|190563
3346|190563
3368|190565
3369|190565
3370|190565
3371|190565
3372|190565
3373|190565
3374|190565
3375|190565
3376|190565
3377|190565
3378|190565
3379|190565
3380|190565
3381|190565
3382|190565
3383|190565
3384|190566
3385|190566
3386|190566
3387|190566
3388|190566
3389|190566
3390|190566
3391|190566
3392|190566
3393|190566
3394|190566
3395|190566
3396|190566
3397|190566
3398|190566
3399|190566
3400|190566
3402|190568
3403|190568
3404|190568
3405|190568
3406|190568
3407|190568
3408|190568
3409|190568
3410|190568
3411|190568
3412|190568
3413|190568
3414|190568
3415|190568
3416|190568
3417|190568
3418|190568
3419|190568
3420|190568
3421|190568
3422|190568
3436|190571
3437|190571
3438|190571
3439|190571
3440|190571
3441|190571
3442|190571
3443|190571
3444|190571
3445|190571
3446|190571
3447|190571
3448|190571
3449|190571
3450|190571
3591|190588
3592|190588
3593|190588
3594|190588
3595|190588
3596|190588
3597|190588
3598|190588
3599|190588
3600|190588
3601|190588
3602|190588
3603|190588
3604|190588
3605|190588
3606|190588
3607|190588
3608|190588
3609|190588
3610|190588
3611|190588
3612|190588
3613|190588
3614|190588
3615|190589
3616|190589
3617|190589
3618|190589
3619|190589
3620|190589
3621|190589
3622|190589
3623|190589
3624|190589
3625|190589
3626|190589
3627|190589
3628|190589
3629|190589
3630|190589
3631|190589
3632|190589
3633|190589
3634|190590
3635|190590
3636|190590
3637|190590
3638|190590
3639|190590
3640|190590
3641|190590
3642|190590
3643|190590
3644|190590
3645|190590
3646|190590
3647|190590
3648|190590
3649|190590
3650|190590
3670|190592
3671|190592
3672|190592
3673|190592
3674|190592
3675|190592
3676|190592
3677|190592
3678|190592
3679|190592
3680|190592
3681|190592
3682|190592
3683|190592
3684|190592
3685|190593
3686|190593
3687|190593
3688|190593
3689|190593
3690|190593
3691|190593
3692|190593
3693|190593
3694|190593
3695|190593
3696|190593
3697|190593
3698|190593
3699|190593
3701|190595
3702|190595
3703|190595
3704|190595
3705|190595
3706|190595
3707|190595
3708|190595
3709|190595
3710|190595
3711|190595
3712|190595
3713|190595
3714|190595
3754|190605
3755|190605
3756|190605
3757|190605
3758|190605
3759|190605
3760|190605
3761|190605
3762|190605
3763|190605
3764|190605
3765|190605
3766|190605
3767|190605
3768|190605
3769|190605
3770|190605
3771|190605
3772|190605
3773|190605
3774|190605
3775|190605
3776|190605
3777|190605
3802|190608
3803|190608
3804|190608
3805|190608
3806|190608
3807|190608
3808|190608
3809|190609
3810|190609
3811|190609
3812|190609
3813|190609
3814|190609
3815|190609
3825|190611
3826|190611
3927|190620
3928|190620
3929|190621
3930|190621
3931|190621
3932|190621
3933|190621
3934|190621
3935|190621
3936|190621
3937|190621
3938|190621
3939|190621
3940|190621
3941|190621
3942|190621
3943|190621
3944|190621
3945|190621
3946|190621
3947|190621
3948|190621
3949|190621
3950|190621
3951|190621
3952|190621
3953|190621
3978|190625
3979|190625
3980|190625
3981|190625
3982|190625
3983|190625
3984|190625
3985|190625
3986|190625
3987|190625
3988|190625
3989|190625
3990|190625
3991|190625
3992|190625
4116|190639
4117|190639
4118|190639
4119|190639
4120|190639
4121|190639
4122|190639
4123|190639
4124|190639
4125|190639
4126|190639
4127|190639
4128|190639
4129|190639
4130|190639
4131|190639
4132|190639
4268|190655
4269|190655
4270|190655
4271|190655
4272|190655
4273|190655
4274|190655
4275|190655
4276|190655
4277|190655
4278|190655
4279|190655
4280|190655
4281|190655
4282|190655
4283|190655
4284|190655
4318|190662
4319|190662
4320|190662
4321|190662
4322|190662
4415|190670
4416|190670
4417|190670
4418|190670
4419|190670
4420|190670
4421|190670
4422|190670
4423|190670
4424|190670
4425|190670
4426|190670
4427|190670
4428|190670
4429|190670
4430|190670
4431|190670
4434|190673
4435|190673
4436|190673
4437|190673
4438|190673
4439|190673
4440|190673
4441|190673
4442|190673
4443|190673
4444|190673
4445|190673
4446|190673
4447|190673
4462|190680
4463|190680
4464|190680
4465|190680
4466|190680
4467|190680
4468|190680
4469|190680
4470|190680
4471|190680
4472|190680
4473|190680
4474|190680
4475|190680
4476|190680
4477|190680
4478|190680
4479|190680
4480|190680
4481|190680
4482|190680
4483|190680
4484|190680
4485|190680
4486|190680
4510|190683
4511|190683
4512|190683
4513|190683
4514|190683
4515|190683
4516|190683
4517|190683
4518|190683
4519|190683
4520|190683
4521|190683
4522|190683
4523|190683
4524|190683
4525|190683
4526|190683
4527|190684
4528|190684
4529|190684
4530|190684
4531|190684
4532|190684
4533|190684
4534|190684
4535|190684
4536|190684
4537|190684
4538|190684
4539|190684
4540|190684
4541|190684
4542|190684
4543|190684
4577|190690
4578|190690
4579|190690
4580|190690
4581|190690
4582|190690
4583|190691
4584|190691
4585|190691
4586|190691
4587|190691
4588|190691
4589|190691
4820|190715
4821|190715
4822|190715
4823|190715
4824|190715
4853|190718
4854|190718
4855|190718
4856|190718
4857|190718
4858|190718
4859|190718
4860|190718
4861|190718
4862|190718
4863|190718
4864|190718
4865|190718
4866|190718
4867|190718
4868|190718
4869|190718
4870|190718
4871|190718
4872|190718
4873|190718
4874|190718
4875|190718
4876|190718
4877|190718
4878|190718
4879|190718
4880|190718
4881|190718
4882|190718
4915|190725
4916|190725
4917|190725
4918|190725
4919|190725
4920|190725
4921|190725
4922|190725
4923|190725
4924|190725
4925|190725
4926|190725
4927|190725
4928|190725
4929|190725
4930|190725
4931|190725
4932|190725
4933|190725
4934|190725
4938|190729
4939|190729
4940|190729
4941|190729
4942|190729
4943|190729
4944|190729
4945|190729
4946|190729
4947|190729
4948|190729
4949|190729
4950|190729
4951|190729
4952|190729
4953|190729
4954|190729
4967|190734
4968|190734
5001|190740
5002|190740
5003|190740
5004|190740
5005|190740
5006|190740
5007|190740
5008|190740
5009|190740
5010|190740
5011|190740
5012|190740
5013|190740
5014|190740
5015|190740
5016|190740
5017|190740
5018|190740
5019|190740
5020|190740
5021|190740
5022|190740
5023|190741
5024|190741
5025|190741
5026|190741
5027|190741
5028|190741
5029|190741
5030|190741
5031|190741
5032|190741
5033|190741
5034|190741
5035|190741
5036|190741
5037|190741
5038|190741
5039|190741
5040|190741
5041|190741
5042|190741
5043|190741
5044|190741
5093|190746
5094|190746
5095|190746
5096|190746
5097|190746
5098|190746
5099|190746
5103|190750
5104|190750
5105|190750
5106|190750
5107|190750
5108|190750
5109|190750
5110|190750
5111|190750
5112|190750
5113|190750
5114|190750
5115|190750
5116|190750
5117|190750
5118|190750
5119|190750
5120|190750
5121|190750
5122|190750
5123|190750
5124|190750
5125|190750
5126|190750
5127|190750
5128|190750
5129|190750
5130|190750
5131|190750
5132|190750
5133|190750
5134|190750
5193|190756
5194|190756
5195|190756
5197|190758
5198|190758
5199|190759
5200|190759
5201|190759
5202|190759
5203|190759
5204|190759
5240|190765
5241|190765
5242|190765
5243|190765
5244|190765
5245|190765
5246|190765
5247|190765
5248|190765
5249|190765
5250|190765
5251|190765
5252|190765
5253|190765
5254|190765
5255|190765
5256|190765
5257|190765
5258|190765
5259|190765
5260|190766
5261|190766
5262|190766
5263|190766
5264|190766
5265|190766
5266|190766
5267|190766
5268|190766
5269|190766
5270|190766
5271|190766
5272|190766
5273|190766
5274|190766
5275|190766
5288|190769
5289|190769
5290|190769
5317|190771
5318|190771
5319|190771
5320|190771
5321|190771
5322|190771
5323|190771
5324|190771
5325|190771
5326|190771
5327|190771
5328|190771
5329|190771
5330|190771
5331|190771
5332|190771
5333|190771
5334|190771
5335|190771
5336|190771
5337|190771
5338|190771
5339|190771
5340|190771
5341|190771
5342|190771
5343|190771
5344|190771
5372|190774
5373|190774
5374|190774
5375|190774
5376|190774
5377|190774
5378|190774
5379|190774
5380|190774
5381|190774
5382|190774
5383|190774
5384|190774
5385|190774
5386|190774
5387|190774
5430|190778
5431|190778
5432|190778
5433|190778
5434|190778
5435|190778
5436|190778
5437|190779
5438|190779
5439|190779
5440|190779
5441|190779
5442|190779
5443|190779
5445|190781
5446|190781
5447|190782
5448|190782
5524|190791
5525|190791
5526|190791
5527|190791
5528|190791
5529|190791
5530|190791
5531|190791
5532|190791
5533|190791
5534|190791
5535|190791
5536|190791
5537|190791
5538|190791
5539|190791
5540|190791
5541|190791
5542|190791
5543|190791
5544|190791
5545|190791
5546|190791
5547|190791
5548|190791
5582|190798
5583|190798
5584|190798
5585|190798
5586|190798
5587|190798
5588|190798
5589|190799
5590|190799
5591|190799
5592|190799
5593|190799
5594|190799
5700|190811
5701|190811
5702|190811
5703|190811
5704|190811
5705|190811
5706|190811
5827|190822
5828|190822
5829|190822
5830|190822
5831|190822
5832|190822
5833|190822
5834|190822
5835|190822
5836|190822
5837|190822
5838|190822
5839|190822
5840|190822
5882|190831
5883|190831
5884|190831
5885|190831
5886|190831
5887|190831
5888|190831
5889|190831
5890|190831
5891|190831
5892|190831
5893|190831
5894|190831
5895|190831
5896|190831
5897|190831
5898|190831
5899|190831
5900|190831
5901|190831
5904|190834
5905|190834
5906|190834
5907|190834
5908|190834
5909|190834
5910|190834
5911|190834
5912|190834
5913|190834
5914|190834
5915|190834
5916|190834
5917|190834
5918|190834
5919|190834
5921|190836
5922|190836
5923|190836
5924|190836
5925|190836
5926|190836
5927|190836
5928|190836
5929|190836
5930|190836
5931|190836
5932|190836
5933|190836
5934|190836
5935|190836
5936|190836
5937|190836
5938|190836
5939|190836
5940|190836
5961|190839
5962|190839
5963|190839
5964|190839
5965|190839
5966|190839
5983|190844
5984|190844
5985|190844
6121|190865
6122|190865
6123|190865
6124|190865
6125|190865
6126|190865
6127|190865
6128|190865
6129|190865
6130|190865
6131|190865
6132|190865
6133|190865
6134|190865
6135|190865
6136|190865
6137|190865
6138|190865
6139|190865
6140|190865
6141|190865
6142|190865
6143|190865
6144|190865
6145|190865
6204|190871
6205|190871
6206|190871
6207|190871
6208|190871
6209|190871
6210|190871
6211|190871
6212|190871
6213|190871
6214|190871
6215|190871
6216|190871
6217|190871
6228|190873
6229|190873
6230|190873
6231|190873
6232|190873
6233|190873
6234|190873
6329|190882
6330|190882
6331|190882
6332|190882
6333|190882
6334|190882
6335|190882
6336|190882
6337|190882
6338|190882
6339|190882
6340|190882
6341|190882
6342|190882
6343|190882
6344|190882
6345|190882
6346|190882
6347|190882
6348|190882
6349|190882
6350|190882
6351|190882
6352|190882
6353|190882
6375|190887
6376|190887
6377|190887
6378|190887
6379|190887
6380|190887
6381|190887
6382|190887
6383|190887
6384|190887
6385|190887
6386|190887
6387|190887
6388|190887
6389|190887
6390|190887
6423|190895
6424|190895
6425|190895
6454|190904
6455|190904
6456|190904
6463|190911
6464|190911
6465|190911
6466|190911
6467|190911
6468|190911
6469|190911
6470|190911
6471|190911
6472|190911
6473|190911
6474|190911
6475|190911
6476|190911
6477|190911
6478|190911
6479|190911
6480|190911
6481|190911
6482|190911
6483|190912
6484|190912
6485|190912
6486|190912
6487|190912
6488|190912
6489|190912
6490|190912
6491|190912
6492|190912
6493|190912
6494|190912
6495|190912
6496|190912
6498|190914
6499|190914
6500|190914
6501|190914
6502|190914
6503|190914
6504|190914
6505|190914
6506|190914
6507|190914
6508|190914
6509|190914
6510|190914
6511|190914
6544|190921
6545|190921
6547|190923
6548|190923
6549|190923
6581|190927
6582|190927
6583|190927
6584|190927
6585|190927
6586|190927
6587|190927
6588|190927
6589|190927
6590|190927
6591|190927
6592|190927
6593|190927
6594|190927
6595|190927
6596|190927
6597|190927
6598|190927
6599|190927
6600|190927
6601|190927
6602|190927
6603|190927
6604|190927
6607|190930
6608|190930
6609|190930
6610|190930
6611|190930
6612|190930
6613|190930
6614|190930
6615|190930
6616|190930
6617|190930
6618|190930
6619|190930
6620|190930
6621|190930
6623|190932
6624|190932
6625|190932
6626|190932
6627|190932
6628|190932
6629|190932
6630|190932
6631|190932
6632|190932
6633|190932
6634|190932
6635|190932
6636|190932
6643|190939
6644|190939
6645|190939
6646|190939
6647|190939
6648|190939
6682|190942
6683|190942
6684|190942
6685|190942
6686|190942
6687|190942
6688|190942
6689|190942
6690|190942
6691|190942
6692|190942
6693|190942
6694|190942
6695|190942
6696|190942
6697|190942
6698|190942
6699|190942
6700|190942
6701|190942
6702|190942
6703|190942
6704|190942
6705|190942
6706|190942
6707|190942
6708|190942
6709|190942
6710|190942
6711|190943
6712|190943
6715|190946
6716|190946
6717|190946
6718|190946
6719|190946
6720|190946
6721|190946
6722|190946
6723|190946
6724|190946
6725|190946
6726|190946
6727|190946
6728|190946
6729|190946
6730|190946
6732|190948
6733|190948
6734|190948
6735|190948
6736|190948
6737|190948
6738|190948
6739|190948
6740|190948
6741|190948
6742|190948
6743|190948
6744|190948
6745|190948
6797|190954
6798|190954
6799|190954
6800|190954
6801|190954
6802|190954
6803|190954
6804|190954
6805|190954
6806|190954
6807|190954
6808|190954
6809|190954
6810|190954
6811|190954
6812|190954
6813|190954
6814|190954
6815|190954
6816|190954
6817|190954
6818|190954
6819|190954
6820|190954
6821|190954
6822|190954
6823|190954
6824|190954
6825|190954
6826|190954
6827|190954
6828|190954
6916|190960
6917|190960
6918|190960
6919|190960
6920|190960
6921|190960
6922|190960
6923|190960
6924|190960
6925|190960
6926|190960
6927|190960
6928|190960
6929|190960
6930|190960
6931|190960
6932|190960
6933|190960
6934|190960
6935|190960
6936|190960
6937|190960
6938|190960
6939|190960
6942|190963
6943|190963
6944|190963
6945|190963
6946|190963
6947|190963
6948|190963
6949|190963
6950|190963
6951|190963
6952|190963
6953|190963
6954|190963
6955|190963
6956|190963
6957|190963
6958|190963
6959|190963
6960|190963
6961|190963
6962|190963
6963|190963
6964|190963
6965|190963
6983|190969
6984|190969
6985|190969
6986|190969
6987|190969
6988|190969
6998|190972
6999|190972
7000|190972
7001|190972
7002|190972
7003|190972
7004|190972
7005|190973
7006|190973
7007|190973
7008|190974
7009|190974
7010|190974
7011|190974
7012|190974
7013|190974
7014|190974
7015|190974
7016|190974
7017|190974
7018|190974
7019|190974
7020|190974
7021|190974
7022|190974
7023|190974
7024|190974
7025|190974
7026|190974
7027|190974
7028|190974
7029|190974
7030|190974
7031|190974
7032|190974
7033|190974
7034|190974
7035|190974
7036|190974
7037|190974
7038|190974
7039|190974
7040|190974
7041|190974
7042|190974
7076|190980
7077|190980
7078|190980
7079|190980
7080|190980
7081|190980
7082|190980
7083|190980
7084|190980
7085|190980
7086|190980
7087|190980
7088|190980
7089|190980
7090|190980
7091|190980
7092|190980
7093|190980
7094|190980
7095|190980
7096|190980
7143|190983
7144|190983
7145|190983
7146|190983
7147|190983
7148|190983
7149|190983
7150|190983
7151|190983
7152|190983
7153|190983
7154|190983
7155|190983
7156|190983
7157|190983
7158|190983
7159|190983
7160|190983
7161|190983
7162|190983
7188|190987
7189|190987
7190|190987
7191|190987
7192|190987
7193|190987
7194|190987
7195|190987
7196|190987
7197|190987
7198|190987
7199|190987
7200|190987
7201|190987
7326|191004
7327|191004
7328|191004
7329|191004
7330|191004
7331|191004
7332|191004
7333|191004
7334|191004
7335|191004
7336|191004
7337|191004
7338|191004
7339|191004
7340|191004
7341|191004
7342|191004
7343|191004
7344|191004
7345|191005
7346|191005
7347|191005
7348|191005
7349|191005
7350|191005
7351|191005
7352|191005
7353|191005
7354|191005
7355|191005
7356|191005
7357|191005
7358|191005
7442|191016
7443|191016
7444|191016
7445|191016
7446|191016
7447|191016
7448|191016
7449|191016
7450|191016
7451|191016
7452|191016
7453|191016
7454|191016
7455|191016
7456|191016
7457|191016
7458|191016
7459|191016
7460|191016
7461|191016
7462|191017
7463|191017
7464|191017
7465|191017
7466|191017
7467|191017
7468|191017
7469|191017
7470|191017
7471|191017
7472|191017
7473|191017
7474|191017
7475|191017
7476|191017
7477|191017
7478|191017
7479|191017
7480|191017
7481|191017
7521|191023
7522|191023
7523|191023
7524|191023
7525|191023
7526|191023
7531|191025
7532|191025
7535|191028
7536|191028
7537|191028
7538|191028
7539|191028
7540|191028
7541|191028
7542|191028
7543|191028
7544|191028
7545|191028
7546|191028
7547|191028
7548|191028
7549|191028
7550|191028
7551|191028
7552|191028
7553|191028
7554|191028
7555|191028
7556|191028
7557|191028
7558|191028
7559|191028
7560|191029
7561|191029
7562|191029
7563|191029
7564|191029
7565|191029
7566|191029
7567|191029
7568|191029
7569|191029
7570|191029
7571|191029
7572|191029
7573|191029
7574|191029
7575|191029
7576|191029
7577|191029
7578|191029
7579|191029
7580|191029
7581|191029
7582|191029
7583|191029
7584|191029
7606|191031
7607|191031
7608|191031
7609|191031
7610|191031
7611|191031
7612|191031
7613|191031
7614|191031
7615|191031
7616|191031
7617|191031
7618|191031
7619|191031
7620|191031
7621|191031
7622|191031
7623|191031
7624|191031
7625|191031
7626|191032
7627|191032
7628|191032
7629|191032
7630|191032
7631|191032
7632|191032
7633|191032
7634|191032
7635|191032
7636|191032
7637|191032
7638|191032
7639|191032
7640|191032
7641|191032
7644|191035
7645|191035
7646|191035
7647|191035
7648|191035
7649|191035
7650|191035
7651|191035
7652|191035
7653|191035
7654|191035
7655|191035
7656|191035
7657|191035
7658|191035
7659|191035
7660|191035
7662|191037
7663|191037
7664|191037
7665|191037
7666|191037
7667|191037
7668|191037
7698|191039
7699|191039
7700|191039
7701|191039
7702|191039
7703|191039
7704|191039
7705|191039
7706|191039
7707|191039
7708|191039
7709|191039
7710|191039
7711|191039
7712|191039
7713|191039
7714|191039
7715|191039
7716|191039
7717|191039
7718|191039
7719|191039
7720|191039
7721|191039
7722|191039
7724|191041
7725|191041
7726|191041
7727|191041
7728|191041
7729|191041
7730|191041
7731|191041
7732|191041
7733|191041
7734|191041
7735|191041
7736|191041
7737|191041
7738|191041
7739|191041
7740|191041
7741|191041
7742|191041
7743|191041
7744|191041
7745|191041
7746|191041
7747|191041
7770|191043
7771|191043
7772|191043
7773|191043
7774|191043
7775|191043
7776|191043
7777|191043
7778|191043
7779|191043
7780|191043
7781|191043
7782|191043
7783|191043
7784|191043
7785|191043
7786|191043
7787|191043
7788|191043
7789|191043
7790|191043
7791|191043
7792|191044
7793|191044
7794|191044
7795|191044
7796|191044
7797|191044
7798|191044
7799|191044
7800|191044
7801|191044
7802|191044
7803|191044
7804|191044
7805|191044
7806|191044
7807|191044
7808|191044
7809|191044
7810|191044
7811|191044
7812|191044
7814|191046
7815|191046
7816|191046
7817|191046
7818|191046
7819|191046
7820|191046
7821|191046
7822|191046
7823|191046
7824|191046
7825|191046
7826|191046
7827|191046
7828|191046
7829|191046
7894|191055
7895|191055
7896|191055
7897|191055
7898|191055
7899|191055
7900|191055
7901|191055
7902|191055
7903|191055
7904|191055
7905|191055
7906|191055
7907|191055
7908|191055
7909|191055
7910|191055
7911|191055
7912|191055
7913|191055
7914|191055
7915|191055
7916|191055
7917|191055
7918|191055
7919|191055
7920|191055
7921|191055
7922|191055
7923|191055
7924|191055
7925|191055
7926|191055
7927|191055
7928|191055
7930|191057
7931|191057
7932|191057
7933|191057
7934|191057
7935|191057
7936|191057
7937|191057
7938|191057
7939|191057
7940|191057
7941|191057
7942|191057
7943|191057
7944|191057
7945|191057
7946|191057
7947|191057
7948|191057
7949|191057
7950|191057
7951|191057
7952|191057
7953|191057
7954|191058
7955|191058
7956|191058
7957|191058
7958|191058
7959|191058
7960|191058
7961|191058
7962|191058
7963|191058
7964|191058
7965|191058
7966|191058
7967|191058
7968|191058
7969|191058
7970|191058
7971|191058
7972|191058
8047|191066
8048|191066
8140|191083
8141|191083
8142|191083
8143|191083
8144|191083
8145|191083
8146|191083
8147|191083
8148|191083
8149|191083
8150|191083
8151|191083
8152|191083
8153|191083
8154|191083
8155|191083
8156|191083
8157|191083
8158|191083
8159|191083
8160|191083
8161|191083
8162|191083
8163|191083
8164|191083
8165|191083
8166|191083
8167|191083
8196|191085
8197|191085
8198|191085
8199|191085
8200|191085
8201|191085
8202|191085
8203|191085
8204|191085
8205|191085
8206|191085
8207|191085
8208|191085
8209|191085
8210|191085
8211|191085
8212|191085
8213|191085
8214|191085
8215|191085
8216|191085
8217|191085
8218|191085
8219|191085
8220|191085
8221|191085
8222|191085
8223|191085
8256|191093
8257|191093
8258|191093
8259|191093
8260|191093
8261|191093
8262|191093
8263|191093
8264|191093
8265|191093
8266|191093
8267|191093
8268|191093
8269|191093
8359|191109
8360|191109
8361|191109
8362|191109
8363|191109
8364|191109
8365|191109
8366|191109
8367|191109
8368|191109
8369|191109
8370|191109
8371|191109
8372|191109
8373|191109
8374|191109
8375|191109
8376|191109
8377|191109
8378|191109
8379|191110
8380|191110
8381|191110
8382|191110
8383|191110
8384|191110
8385|191110
8386|191110
8387|191110
8388|191110
8389|191110
8390|191110
8391|191110
8392|191110
8393|191110
8394|191110
8395|191110
8414|191115
8415|191115
8418|191118
8419|191118
8420|191118
8421|191118
8422|191118
8423|191118
8424|191118
8425|191118
8426|191118
8427|191118
8428|191118
8429|191118
8430|191118
8431|191118
8432|191118
8433|191118
8434|191118
8435|191118
8436|191118
8437|191118
8438|191118
8439|191118
8440|191118
8441|191118
8442|191118
8443|191118
8444|191118
8445|191118
8448|191121
8449|191121
8450|191121
8451|191121
8452|191121
8453|191121
8454|191121
8455|191121
8456|191121
8457|191121
8458|191121
8459|191121
8460|191121
8461|191121
8462|191121
8463|191121
8464|191121
8465|191121
8466|191121
8467|191121
8468|191121
8471|191124
8472|191124
8473|191124
8474|191124
8475|191124
8476|191124
8477|191124
8478|191124
8479|191124
8480|191124
8481|191124
8482|191124
8483|191124
8484|191124
8485|191124
8486|191124
8487|191124
8491|191128
8492|191128
8493|191128
8494|191128
8495|191128
8496|191128
8497|191128
8507|191130
8508|191130
8509|191130
8510|191130
8511|191130
8512|191130
8513|191130
8515|191132
8516|191132
8517|191132
8518|191132
8519|191132
8521|191134
8522|191134
8553|191137
8554|191137
8555|191137
8556|191137
8557|191137
8558|191137
8559|191137
8560|191137
8561|191137
8562|191137
8563|191137
8564|191137
8565|191137
8566|191137
8567|191137
8568|191137
8569|191137
8570|191137
8571|191137
8572|191137
8573|191137
8574|191137
8575|191137
8576|191137
8577|191137
8578|191137
8579|191137
8580|191137
8626|191149
8627|191149
8628|191149
8629|191149
8630|191149
8664|191155
8665|191155
8666|191155
8667|191155
8668|191155
8669|191155
8670|191155
8671|191155
8672|191155
8673|191155
8674|191155
8675|191155
8676|191155
8677|191155
8678|191155
8679|191155
8680|191155
8681|191155
8682|191155
8683|191155
8684|191155
8685|191155
8686|191155
8687|191155
8688|191155
8692|191159
8693|191159
8694|191159
8695|191159
8696|191159
8697|191159
8698|191159
8699|191159
8700|191159
8701|191159
8702|191159
8703|191159
8704|191159
8705|191159
8706|191159
8727|191167
8728|191167
8780|191174
8781|191174
8782|191174
8783|191174
8784|191174
8785|191174
8786|191174
8787|191174
8788|191174
8789|191174
8790|191174
8791|191174
8792|191174
8793|191174
8878|191188
8879|191188
8880|191188
8881|191188
8882|191188
8883|191188
8884|191188
8885|191188
8886|191188
8887|191188
8888|191188
8889|191188
8890|191188
8891|191188
8892|191188
8893|191188
8894|191188
8895|191188
8896|191188
8897|191188
8898|191188
8899|191188
8900|191188
9000|191200
9001|191200
9094|191212
9095|191212
9096|191212
9097|191212
9098|191212
9099|191212
9100|191212
9101|191212
9102|191212
9103|191212
9104|191212
9105|191212
9106|191212
9107|191212
9108|191212
9109|191212
9110|191212
9111|191212
9112|191212
9113|191212
9114|191212
9115|191212
9116|191212
9117|191213
9118|191213
9119|191213
9120|191213
9121|191213
9122|191213
9123|191213
9124|191213
9125|191213
9126|191213
9127|191213
9128|191213
9129|191213
9130|191213
9131|191213
9133|191215
9134|191215
9135|191215
9136|191215
9137|191215
9138|191215
9139|191215
9140|191215
9141|191215
9142|191215
9143|191215
9144|191215
9145|191215
9146|191215
9147|191215
9148|191215
9149|191215
9180|191224
9181|191224
9182|191224
9242|191228
9243|191228
9244|191228
9245|191228
9246|191228
9247|191228
9248|191228
9249|191228
9250|191228
9251|191228
9252|191228
9253|191228
9254|191228
9255|191228
9256|191228
9257|191228
9258|191228
9259|191228
9260|191228
9261|191228
9262|191229
9263|191229
9264|191229
9265|191229
9266|191229
9267|191229
9268|191229
9269|191229
9270|191229
9271|191229
9272|191229
9273|191229
9274|191229
9275|191229
9276|191229
9277|191229
9278|191229
9281|191232
9282|191232
9283|191232
9284|191232
9285|191232
9286|191232
9287|191232
9288|191232
9289|191232
9290|191232
9291|191232
9292|191232
9293|191232
9294|191232
9295|191232
9296|191232
9297|191233
9298|191233
9299|191233
9300|191233
9301|191233
9302|191233
9303|191233
9306|191236
9307|191236
9308|191236
9309|191236
9310|191236
9311|191236
9347|191240
9348|191240
9349|191240
9350|191240
9351|191240
9352|191240
9353|191240
9354|191240
9355|191240
9356|191240
9357|191240
9358|191240
9359|191240
9360|191240
9361|191240
9362|191240
9363|191240
9364|191240
9365|191240
9366|191240
9367|191240
9368|191240
9369|191240
9370|191240
9394|191242
9395|191242
9396|191242
9397|191242
9398|191242
9399|191242
9400|191242
9401|191242
9402|191242
9403|191242
9404|191242
9405|191242
9406|191242
9407|191242
9408|191242
9409|191242
9410|191242
9411|191242
9412|191242
9413|191242
9414|191242
9415|191242
9416|191243
9417|191243
9418|191243
9419|191243
9420|191243
9421|191243
9422|191243
9423|191243
9424|191243
9425|191243
9426|191243
9427|191243
9428|191243
9429|191243
9430|191243
9431|191243
9432|191243
9433|191243
9434|191243
9435|191243
9436|191243
9438|191245
9439|191245
9440|191245
9441|191245
9442|191245
9443|191245
9444|191245
9445|191245
9446|191245
9447|191245
9448|191245
9449|191245
9450|191245
9451|191245
9452|191245
9453|191245
9454|191245
9455|191246
9456|191246
9457|191246
9458|191246
9459|191246
9460|191246
9461|191246
9462|191246
9463|191246
9464|191246
9465|191246
9466|191246
9467|191246
9468|191246
9471|191249
9472|191249
9473|191249
9474|191249
9475|191249
9476|191250
9477|191250
9478|191250
9479|191250
9480|191250
9593|191256
9594|191256
9595|191256
9596|191256
9597|191256
9598|191256
9599|191256
9600|191256
9601|191256
9602|191256
9603|191256
9604|191256
9605|191256
9606|191256
9607|191256
9608|191256
9609|191256
9648|191260
9649|191260
9650|191260
9651|191260
9652|191260
9653|191260
9654|191260
9655|191260
9656|191260
9657|191260
9658|191260
9659|191260
9660|191260
9661|191260
9662|191260
9663|191260
9664|191260
9666|191262
9667|191262
9668|191262
9669|191262
9670|191262
9671|191262
9672|191262
9673|191262
9674|191262
9675|191262
9676|191262
9677|191262
9678|191262
9679|191262
9680|191262
9681|191262
9690|191264
9691|191264
9692|191264
9693|191264
9694|191264
9695|191264
9696|191264
9751|191268
9752|191268
9753|191268
9754|191268
9755|191268
9756|191268
9757|191268
9758|191268
9759|191268
9760|191268
9761|191268
9762|191268
9763|191268
9764|191268
9765|191269
9766|191269
9767|191269
9768|191269
9769|191269
9770|191269
9771|191269
9772|191269
9773|191269
9774|191269
9775|191269
9776|191269
9777|191269
9778|191269
9779|191269
9780|191269
9783|191272
9784|191272
9785|191272
9786|191272
9787|191272
9788|191272
9789|191272
9790|191272
9791|191272
9792|191272
9793|191272
9794|191272
9795|191272
9796|191272
9798|191274
9799|191274
9800|191274
9801|191274
9802|191274
9803|191274
9813|191277
9814|191277
9815|191278
9816|191278
9817|191278
9818|191279
9819|191279
9822|191282
9823|191282
9824|191282
9825|191282
9826|191282
9827|191282
9828|191282
9829|191282
9830|191282
9831|191282
9832|191282
9833|191282
9834|191282
9835|191282
9836|191282
9837|191282
9838|191282
9839|191282
9840|191282
9841|191282
9842|191282
9843|191282
9844|191282
9845|191282
9846|191282
9847|191282
9848|191282
9849|191282
9877|191285
9878|191285
9879|191285
9880|191285
9881|191285
9882|191285
9883|191285
9884|191285
9885|191285
9886|191285
9887|191285
9888|191285
9889|191285
9890|191285
9891|191285
9892|191285
9893|191285
9894|191285
9895|191285
9896|191285
9897|191286
9898|191286
9899|191286
9900|191286
9901|191286
9902|191286
9903|191286
9904|191286
9905|191286
9906|191286
9907|191286
9908|191286
9909|191286
9910|191286
9911|191286
9912|191286
9913|191286
9914|191286
9915|191286
9916|191286
9917|191286
9918|191287
9919|191287
9920|191287
9921|191287
9922|191287
9923|191287
9924|191287
9925|191287
9926|191287
9927|191287
9928|191287
9929|191287
9930|191287
9931|191287
9932|191287
9933|191287
9934|191287
9935|191287
9936|191287
9937|191287
9938|191288
9939|191288
9940|191288
9941|191288
9942|191288
9943|191288
9944|191288
9945|191288
9946|191288
9947|191288
9948|191288
9949|191288
9950|191288
9951|191288
9952|191288
9953|191288
9954|191288
9955|191288
9956|191288
9957|191288
9973|191293
9974|191293
9975|191293
9976|191293
9977|191293
9978|191293
9979|191293
9980|191294
9981|191294
9982|191294
9983|191294
9984|191294
9985|191294
9986|191294
10054|191298
10055|191298
10056|191298
10057|191298
10058|191298
10059|191298
10060|191298
10061|191298
10062|191298
10063|191298
10064|191298
10065|191298
10066|191298
10067|191298
10068|191298
10069|191298
10070|191298
10071|191298
10072|191298
10073|191298
10074|191298
10075|191298
10076|191298
10077|191298
10078|191298
10079|191298
10080|191298
10081|191298
10163|191314
10164|191314
10165|191314
10166|191314
10167|191314
10168|191314
10169|191314
10170|191314
10171|191314
10172|191314
10173|191314
10174|191314
10175|191314
10176|191314
10177|191314
10178|191314
10179|191314
10180|191314
10181|191314
10182|191314
10183|191314
10184|191314
10185|191314
10186|191314
10187|191314
10189|191316
10190|191316
10191|191316
10192|191316
10193|191316
10194|191316
10195|191316
10196|191316
10197|191316
10198|191316
10199|191316
10200|191316
10201|191316
10202|191316
10203|191316
10204|191316
10205|191316
10206|191316
10207|191316
10208|191316
10209|191317
10210|191317
10211|191317
10212|191317
10213|191317
10214|191317
10215|191317
10216|191317
10217|191317
10218|191317
10219|191317
10220|191317
10221|191317
10222|191317
10223|191317
10224|191317
10225|191317
10226|191317
10227|191317
10228|191317
10229|191317
10230|191317
10231|191317
10232|191317
10233|191317
10235|191319
10236|191319
10237|191319
10238|191319
10239|191319
10240|191319
10241|191319
10242|191319
10243|191319
10244|191319
10245|191319
10246|191319
10247|191319
10248|191319
10249|191319
10250|191319
10251|191319
10264|191325
10265|191325
10266|191325
10267|191326
10268|191326
10269|191326
10270|191327
10271|191327
10351|191334
10352|191334
10353|191334
10354|191334
10355|191334
10356|191334
10357|191334
10358|191334
10359|191334
10360|191334
10361|191334
10362|191334
10363|191334
10364|191334
10365|191334
10366|191334
10367|191334
10408|191344
10409|191344
10468|191348
10469|191348
10470|191348
10471|191348
10472|191348
10473|191348
10474|191348
10475|191348
10476|191348
10477|191348
10478|191348
10479|191348
10480|191348
10481|191348
10482|191348
10483|191349
10484|191349
10485|191349
10486|191349
10487|191349
10488|191349
10489|191349
10490|191349
10491|191349
10492|191349
10493|191349
10494|191349
10495|191349
10496|191349
10497|191349
10652|191369
10653|191369
10654|191369
10655|191369
10656|191369
10657|191369
10658|191369
10659|191369
10660|191369
10661|191369
10662|191369
10663|191369
10664|191369
10665|191369
10666|191369
10667|191369
10668|191369
10669|191369
10670|191369
10671|191369
10672|191369
10673|191369
10696|191372
10697|191372
10698|191372
10699|191372
10700|191372
10701|191372
10702|191372
10703|191372
10704|191372
10705|191372
10706|191372
10707|191372
10708|191372
10709|191372
10710|191372
10711|191372
10712|191372
10745|191380
10746|191380
10747|191380
10748|191380
10749|191380
10750|191380
10790|191386
10791|191386
10792|191386
10793|191386
10794|191386
10795|191386
10796|191386
10797|191386
10798|191386
10799|191386
10800|191386
10801|191386
10802|191386
10803|191386
10804|191386
10805|191386
10806|191386
10807|191386
10808|191386
10809|191386
10826|191391
10827|191391
10828|191391
10829|191391
10830|191391
10831|191391
10832|191391
10834|191393
10835|191393
10844|191395
10845|191395
10846|191395
10912|191401
10913|191401
10914|191401
10915|191401
10916|191401
10917|191401
10918|191401
10919|191401
10920|191401
10921|191401
10922|191401
10923|191401
10924|191401
10925|191401
10926|191401
10927|191401
10928|191401
10929|191401
10930|191401
10931|191401
10932|191401
10933|191401
10934|191401
10935|191401
10956|191407
10957|191407
10958|191407
10959|191407
10960|191407
10961|191407
10962|191407
10979|191410
10980|191410
10981|191410
11016|191412
11017|191412
11018|191412
11019|191412
11020|191412
11021|191412
11022|191412
11023|191412
11024|191412
11025|191412
11026|191412
11027|191412
11028|191412
11029|191412
11030|191412
11031|191412
11032|191412
11033|191412
11034|191412
11035|191412
11036|191412
11037|191412
11038|191412
11039|191412
11043|191416
11044|191416
11045|191416
11046|191416
11047|191416
11048|191416
11049|191417
11050|191417
11051|191417
11053|191419
11054|191419
11055|191419
11133|191423
11134|191423
11135|191423
11136|191423
11137|191423
11140|191426
11141|191426
11142|191426
11143|191426
11144|191426
11145|191426
11146|191426
11147|191426
11148|191426
11149|191426
11150|191426
11151|191426
11152|191426
11153|191426
11154|191426
11155|191426
11156|191426
11157|191426
11158|191426
11159|191426
11160|191426
11161|191426
11162|191426
11163|191426
11164|191426
11198|191436
11199|191436
11265|191441
11266|191441
11267|191441
11268|191441
11269|191441
11270|191441
11271|191441
11272|191441
11273|191441
11274|191441
11275|191441
11276|191441
11277|191441
11278|191441
11279|191441
11280|191441
11281|191441
11282|191441
11283|191441
11284|191441
11285|191441
11286|191441
11287|191441
11288|191441
11336|191452
11337|191452
11342|191454
11343|191454
11381|191459
11382|191459
11383|191459
11384|191459
11385|191459
11386|191459
11387|191459
11388|191459
11389|191459
11390|191459
11391|191459
11392|191459
11393|191459
11394|191459
11395|191459
11396|191459
11397|191459
11398|191459
11399|191459
11400|191459
11401|191459
11402|191459
11403|191459
11404|191459
11405|191459
11406|191459
11407|191459
11408|191459
11436|191461
11437|191461
11438|191461
11439|191461
11440|191461
11441|191461
11442|191461
11443|191461
11444|191461
11445|191461
11446|191461
11447|191461
11448|191461
11449|191461
11450|191461
11451|191461
11452|191461
11488|191466
11489|191466
11521|191473
11522|191473
11535|191479
11536|191479
11537|191480
11538|191480
11539|191480
11577|191486
11578|191486
11579|191486
11580|191486
11581|191486
11582|191486
11583|191486
11584|191486
11585|191486
11586|191486
11587|191486
11588|191486
11589|191486
11590|191486
11591|191486
11592|191486
11593|191486
11594|191486
11595|191486
11596|191486
11597|191486
11598|191486
11599|191486
11600|191486
11601|191486
11602|191486
11603|191486
11604|191486
11627|191491
11628|191491
11629|191491
11630|191491
11631|191491
11632|191491
11633|191491
11634|191491
11635|191491
11636|191491
11637|191491
11638|191491
11639|191491
11640|191491
11641|191491
11642|191491
11643|191491
11644|191491
11645|191491
11646|191491
11715|191505
11716|191505
11717|191505
11718|191505
11719|191505
11720|191505
11721|191505
11722|191505
11723|191505
11724|191505
11725|191505
11726|191505
11727|191505
11728|191505
11729|191505
11730|191505
11731|191505
11732|191505
11733|191505
11734|191505
11755|191509
11756|191509
11757|191509
11758|191509
11759|191509
11760|191509
11761|191509
11762|191509
11763|191509
11764|191509
11765|191509
11766|191509
11767|191509
11768|191509
11769|191509
11770|191509
11771|191509
11773|191511
11774|191511
11775|191511
11776|191511
11777|191511
11778|191511
11779|191511
11780|191512
11781|191512
11782|191512
11783|191512
11784|191512
11785|191512
11786|191512
11787|191513
11788|191513
11789|191513
11790|191513
11791|191513
11792|191513
11793|191513
11794|191514
11795|191514
11827|191518
11828|191518
11829|191518
11830|191518
11831|191518
11832|191518
11833|191518
11834|191518
11835|191518
11836|191518
11837|191518
11838|191518
11839|191518
11840|191518
11841|191518
11842|191518
11843|191518
11844|191518
11845|191518
11846|191518
11868|191522
11869|191522
11870|191522
11871|191522
11872|191522
11873|191522
11874|191522
11875|191522
11876|191522
11877|191522
11878|191522
11879|191522
11880|191522
11881|191522
11882|191522
11883|191522
11884|191522
11885|191523
11886|191523
11887|191523
11888|191523
11889|191523
11890|191523
11891|191523
11892|191523
11893|191523
11894|191523
11895|191523
11896|191523
11897|191523
11898|191523
11899|191523
11900|191524
11901|191524
11902|191524
11903|191524
11904|191524
11905|191524
11906|191524
11907|191524
11908|191524
11909|191524
11910|191524
11911|191524
11912|191524
11913|191524
11914|191524
11940|191529
11941|191529
11942|191529
11943|191529
11944|191529
12034|191543
12035|191543
12036|191543
12037|191543
12038|191543
12039|191543
12044|191548
12045|191548
12046|191548
12101|191552
12102|191552
12103|191552
12104|191552
12105|191552
12106|191552
12107|191552
12108|191552
12109|191552
12110|191552
12111|191552
12112|191552
12113|191552
12114|191552
12115|191552
12116|191552
12117|191552
12118|191552
12119|191552
12120|191552
12121|191552
12122|191552
12123|191552
12124|191552
12125|191553
12126|191553
12127|191553
12128|191553
12129|191553
12130|191553
12131|191553
12132|191553
12133|191553
12134|191553
12135|191553
12136|191553
12137|191553
12138|191553
12139|191553
12140|191553
12141|191553
12142|191553
12143|191553
12144|191553
12145|191554
12146|191554
12147|191554
12148|191554
12149|191554
12150|191554
12151|191554
12152|191554
12153|191554
12154|191554
12155|191554
12156|191554
12157|191554
12158|191554
12159|191554
12160|191554
12161|191554
12223|191564
12224|191564
12225|191564
12226|191564
12227|191564
12228|191564
12229|191564
12230|191564
12231|191564
12232|191564
12233|191564
12234|191564
12235|191564
12236|191564
12237|191564
12238|191564
12239|191564
12240|191564
12241|191564
12242|191564
12243|191565
12244|191565
12245|191565
12246|191565
12247|191565
12248|191565
12249|191565
12250|191565
12251|191565
12252|191565
12253|191565
12254|191565
12255|191565
12256|191565
12257|191565
12258|191565
12259|191565
12309|191575
12310|191575
12311|191576
12312|191576
12313|191576
12315|191578
12316|191578
12317|191578
12318|191578
12319|191578
12320|191578
12402|191583
12403|191583
12404|191583
12405|191583
12406|191583
12407|191583
12408|191583
12409|191583
12410|191583
12411|191583
12412|191583
12413|191583
12414|191583
12415|191583
12416|191583
12417|191583
12418|191583
12451|191589
12452|191589
12453|191589
12454|191589
12455|191589
12456|191589
12457|191589
12464|191593
12465|191593
12548|191601
12549|191601
12550|191601
12551|191601
12552|191601
12553|191601
12554|191601
12555|191601
12556|191601
12557|191601
12558|191601
12559|191601
12560|191601
12561|191601
12562|191601
12563|191601
12564|191601
12565|191601
12566|191601
12567|191601
12568|191601
12569|191601
12570|191601
12571|191601
12574|191604
12575|191604
12576|191604
12577|191604
12578|191604
12579|191604
12580|191604
12581|191604
12582|191604
12583|191604
12584|191604
12585|191604
12586|191604
12587|191604
12588|191604
12589|191604
12590|191604
12591|191604
12592|191604
12593|191604
12616|191609
12617|191609
12620|191612
12621|191612
12622|191612
12623|191612
12624|191612
12625|191612
12626|191612
12627|191612
12628|191612
12629|191612
12630|191612
12631|191612
12632|191612
12633|191612
12634|191612
12635|191612
12636|191612
12637|191612
12638|191612
12639|191612
12640|191612
12641|191612
12642|191612
12643|191612
12644|191612
12822|191639
12823|191639
12824|191639
12825|191639
12826|191639
12827|191639
12828|191639
12829|191639
12830|191639
12831|191639
12832|191639
12833|191639
12834|191639
12835|191639
12836|191639
12837|191639
12838|191639
12839|191639
12840|191639
12841|191639
12842|191639
12843|191639
12844|191639
12845|191639
12846|191639
12847|191639
12848|191639
12849|191639
12850|191639
12851|191639
12852|191639
12853|191639
13058|191652
13059|191652
13060|191652
13061|191652
13062|191652
13063|191652
13064|191652
13065|191652
13066|191652
13067|191652
13068|191652
13069|191652
13070|191652
13071|191652
13113|191661
13114|191661
13115|191661
13116|191661
13117|191661
13118|191661
13119|191661
13120|191661
13121|191661
13122|191661
13123|191661
13124|191661
13125|191661
13126|191661
13127|191661
13128|191661
13129|191661
13130|191661
13131|191661
13132|191661
13133|191661
13134|191661
13135|191661
13136|191661
13137|191661
13138|191661
13139|191661
13140|191661
13141|191661
13142|191661
13143|191661
13144|191661
13147|191664
13148|191664
13149|191664
13150|191664
13151|191664
13152|191664
13153|191664
13154|191664
13155|191664
13156|191664
13157|191664
13158|191664
13159|191664
13160|191664
13161|191664
13162|191664
13163|191664
13164|191664
13165|191664
13166|191664
13167|191664
13168|191664
13169|191664
13170|191664
13216|191668
13217|191668
13218|191668
13219|191668
13220|191668
13221|191668
13222|191668
13223|191668
13224|191668
13225|191668
13226|191668
13227|191668
13228|191668
13229|191668
13230|191668
13231|191668
13232|191668
13233|191668
13234|191668
13235|191668
13256|191671
13257|191671
13258|191671
13259|191671
13260|191671
13261|191671
13262|191671
13263|191671
13264|191671
13265|191671
13266|191671
13267|191671
13268|191671
13269|191671
13270|191671
13271|191671
13272|191672
13273|191672
13274|191672
13275|191672
13276|191672
13277|191672
13278|191672
13279|191672
13280|191672
13281|191672
13282|191672
13283|191672
13284|191672
13285|191672
13286|191672
13287|191672
13288|191672
13289|191673
13290|191673
13291|191673
13292|191673
13293|191673
13294|191673
13295|191673
13296|191673
13297|191673
13298|191673
13299|191673
13300|191673
13301|191673
13302|191673
13303|191673
13304|191674
13305|191674
13306|191674
13307|191674
13308|191674
13309|191674
13310|191674
13311|191674
13312|191674
13313|191674
13314|191674
13315|191674
13316|191674
13317|191674
13318|191675
13319|191675
13320|191675
13321|191675
13322|191675
13323|191675
13324|191675
13325|191675
13326|191675
13327|191675
13328|191675
13329|191675
13330|191675
13331|191675
13333|191677
13334|191677
13335|191677
13336|191677
13337|191677
13339|191679
13340|191679
13341|191679
13342|191679
13343|191679
13382|191685
13383|191685
13384|191685
13385|191685
13386|191685
13387|191685
13388|191685
13389|191685
13390|191685
13391|191685
13392|191685
13393|191685
13394|191685
13395|191685
13396|191685
13397|191685
13398|191685
13399|191685
13400|191685
13401|191685
13402|191685
13403|191685
13404|191685
13405|191685
13406|191685
13480|191694
13481|191694
13482|191694
13483|191694
13484|191694
13485|191694
13486|191694
13487|191694
13488|191694
13489|191694
13490|191694
13491|191694
13492|191694
13493|191694
13494|191694
13495|191694
13496|191694
13497|191694
13498|191694
13499|191694
13500|191694
13501|191694
13502|191694
13503|191694
13504|191694
13505|191694
13506|191694
13507|191694
13508|191694
13509|191694
13510|191695
13511|191695
13512|191695
13513|191695
13514|191695
13515|191695
13516|191695
13517|191695
13518|191695
13519|191695
13520|191695
13521|191695
13522|191695
13523|191695
13524|191695
13525|191695
13526|191695
13527|191695
13528|191695
13529|191695
13530|191695
13531|191695
13532|191695
13533|191695
13534|191695
13535|191695
13536|191695
13537|191695
13613|191701
13614|191701
13615|191701
13616|191701
13617|191701
13618|191701
13619|191701
13620|191701
13621|191701
13622|191701
13623|191701
13624|191701
13625|191701
13626|191701
13627|191701
13628|191701
13629|191701
13630|191701
13631|191701
13632|191701
13633|191701
13634|191701
13635|191701
13636|191701
13637|191701
13754|191719
13755|191719
13756|191719
13757|191719
13758|191719
13759|191719
13760|191719
13761|191719
13762|191719
13763|191719
13764|191719
13765|191719
13766|191719
13767|191719
13768|191719
13769|191719
13772|191722
13773|191722
13774|191722
13775|191722
13776|191722
13777|191722
13778|191722
13779|191722
13780|191722
13781|191722
13782|191722
13783|191722
13784|191722
13785|191722
13786|191722
13787|191722
13788|191722
13789|191722
13790|191722
13791|191722
13815|191726
13816|191726
13817|191726
13818|191726
13819|191726
13820|191726
13821|191726
13830|191732
13831|191732
13832|191732
13833|191732
13834|191732
13835|191732
13836|191732
13837|191732
13838|191732
13839|191732
13840|191732
13841|191732
13842|191732
13843|191732
13844|191732
13845|191732
13846|191732
13847|191732
13848|191732
13849|191732
13850|191732
13851|191732
13852|191732
13853|191732
13854|191732
13855|191732
13856|191732
13857|191732
13860|191735
13861|191735
13862|191735
13863|191735
13864|191735
13865|191735
13866|191735
13867|191735
13868|191735
13869|191735
13870|191735
13871|191735
13872|191735
13873|191735
13874|191735
13875|191735
13899|191740
13900|191740
13901|191740
13902|191740
13903|191740
13904|191740
13905|191740
13907|191742
13908|191742
13909|191742
13910|191742
13911|191742
13912|191742
13913|191742
14078|191759
14079|191759
14080|191759
14081|191759
14082|191759
14091|191765
14092|191765
14093|191765
14094|191765
14095|191765
14096|191765
14097|191765
14098|191765
14099|191765
14100|191765
14101|191765
14102|191765
14103|191765
14104|191765
14105|191765
14106|191765
14107|191765
14108|191765
14109|191765
14110|191765
14111|191765
14112|191765
14113|191765
14114|191765
14115|191765
14116|191765
14117|191765
14118|191765
14119|191765
14270|191781
14271|191781
14272|191781
14273|191781
14274|191781
14275|191781
14276|191781
14277|191781
14278|191781
14279|191781
14280|191781
14281|191781
14282|191781
14283|191781
14284|191781
14285|191781
14286|191781
14287|191781
14288|191781
14289|191782
14290|191782
14291|191782
14292|191783
14293|191783
14294|191783
14295|191783
14296|191783
14297|191783
14298|191783
14299|191783
14300|191783
14301|191783
14302|191783
14303|191783
14304|191783
14305|191783
14306|191783
14307|191783
14308|191783
14309|191783
14310|191783
14311|191783
14315|191787
14316|191787
14317|191788
14318|191788
14355|191792
14356|191792
14357|191792
14358|191792
14359|191792
14360|191792
14361|191792
14362|191792
14363|191792
14364|191792
14365|191792
14366|191792
14367|191792
14368|191792
14369|191792
14370|191792
14371|191792
14372|191792
14373|191792
14374|191792
14375|191792
14376|191792
14377|191792
14378|191792
14379|191793
14380|191793
14381|191793
14382|191793
14383|191793
14384|191793
14385|191793
14386|191793
14387|191793
14388|191793
14389|191793
14390|191793
14391|191793
14392|191793
14393|191793
14394|191793
14395|191793
14396|191793
14397|191793
14398|191793
14399|191793
14400|191793
14401|191793
14402|191793
14426|191795
14427|191795
14428|191795
14429|191795
14430|191795
14431|191795
14432|191795
14433|191795
14434|191795
14435|191795
14436|191795
14437|191795
14438|191795
14439|191795
14440|191795
14441|191795
14442|191795
14443|191795
14444|191795
14445|191795
14446|191796
14447|191796
14448|191796
14449|191796
14450|191796
14451|191796
14452|191796
14453|191796
14454|191796
14455|191796
14456|191796
14457|191796
14458|191796
14459|191796
14460|191796
14461|191796
14462|191796
14463|191796
14464|191796
14465|191796
14466|191796
14523|191805
14524|191805
14525|191805
14526|191805
14527|191805
14528|191805
14529|191805
14530|191805
14531|191805
14532|191805
14533|191805
14534|191805
14535|191805
14536|191805
14537|191805
14538|191805
14539|191805
14540|191805
14541|191805
14542|191805
14543|191805
14544|191805
14545|191805
14546|191805
14547|191805
14576|191809
14577|191809
14578|191809
14579|191809
14580|191809
14581|191809
14582|191809
14583|191809
14584|191809
14585|191809
14586|191809
14587|191809
14588|191809
14589|191809
14590|191809
14591|191809
14592|191809
14593|191809
14594|191809
14595|191809
14597|191811
14598|191811
14599|191811
14600|191811
14601|191811
14602|191811
14603|191811
14604|191811
14605|191811
14606|191811
14607|191811
14608|191811
14609|191811
14610|191811
14611|191811
14612|191811
14613|191811
14614|191811
14615|191811
14616|191811
14647|191819
14648|191819
14649|191819
14650|191819
14651|191819
14652|191819
14686|191823
14687|191823
14688|191823
14689|191823
14690|191823
14691|191823
14692|191823
14693|191823
14694|191823
14695|191823
14696|191823
14697|191823
14698|191823
14699|191823
14700|191823
14701|191823
14702|191823
14703|191823
14704|191823
14705|191823
14706|191823
14707|191823
14708|191823
14709|191823
14733|191825
14734|191825
14735|191825
14736|191825
14737|191825
14738|191825
14739|191825
14740|191825
14741|191825
14742|191825
14743|191825
14744|191825
14745|191825
14746|191825
14747|191825
14748|191825
14749|191825
14750|191825
14751|191825
14752|191825
14753|191826
14754|191826
14755|191826
14756|191826
14757|191826
14758|191826
14759|191826
14760|191826
14761|191826
14762|191826
14763|191826
14764|191826
14765|191826
14766|191826
14767|191826
14768|191826
14769|191826
14770|191826
14771|191826
14772|191826
14788|191831
14789|191831
14791|191833
14792|191833
14889|191840
14890|191840
14891|191840
14892|191840
14893|191840
14894|191840
14895|191840
14896|191840
14897|191840
14898|191840
14899|191840
14900|191840
14901|191840
14902|191840
14903|191840
14904|191840
14905|191840
14906|191840
14907|191840
14908|191840
14909|191840
14910|191840
14911|191840
14912|191840
14915|191843
14916|191843
14917|191843
14918|191843
14919|191843
14920|191843
14921|191843
14922|191843
14923|191843
14924|191843
14925|191843
14926|191843
14927|191843
14928|191843
14929|191843
14978|191856
14979|191856
14980|191856
14981|191856
14982|191856
14983|191856
14984|191856
15024|191862
15025|191862
15026|191862
15053|191868
15054|191868
15055|191868
15056|191868
15057|191868
15058|191868
15059|191868
15060|191868
15061|191868
15062|191868
15063|191868
15064|191868
15065|191868
15066|191868
15067|191868
15068|191868
15069|191869
15070|191869
15071|191869
15072|191869
15073|191869
15074|191869
15075|191869
15076|191869
15077|191869
15078|191869
15079|191869
15080|191869
15081|191869
15082|191869
15083|191869
15084|191870
15085|191870
15086|191870
15087|191870
15088|191870
15089|191870
15090|191870
15091|191870
15092|191870
15093|191870
15094|191870
15095|191870
15096|191870
15097|191870
15098|191870
15099|191870
15110|191872
15111|191872
15112|191872
15113|191872
15114|191872
15115|191872
15151|191879
15152|191879
15153|191879
15154|191879
15155|191879
15156|191879
15157|191879
15158|191879
15159|191879
15160|191879
15161|191879
15162|191879
15163|191879
15164|191879
15165|191879
15166|191879
15167|191879
15168|191880
15169|191880
15170|191880
15171|191880
15172|191880
15173|191880
15174|191880
15175|191880
15176|191880
15177|191880
15178|191880
15179|191880
15180|191880
15181|191880
15182|191880
15183|191880
15184|191880
15185|191881
15186|191881
15187|191881
15188|191881
15189|191881
15190|191881
15191|191881
15192|191882
15193|191882
15194|191882
15195|191882
15196|191882
15197|191882
15198|191882
15199|191883
15200|191883
15201|191883
15202|191883
15203|191883
