Comment_id1|Comment_id2
39642|39639
39643|39641
39646|39641
39647|39643
39648|39645
40060|40059
40061|40059
40062|40060
40063|40059
40064|40059
40066|40062
40067|40062
40068|40063
40069|40066
40070|40060
40071|40062
40072|40066
40074|40071
40249|40248
40252|40248
40253|40248
40254|40248
40255|40252
40315|40314
40316|40314
40321|40318
40322|40314
40323|40318
40325|40320
40326|40314
40327|40325
40328|40322
40329|40327
40330|40314
40964|40961
40965|40961
40966|40961
40967|40961
40968|40965
41307|41306
41308|41306
41310|41306
41311|41308
41313|41311
41315|41311
41316|41314
41509|41508
41510|41507
41511|41509
41513|41509
41514|41509
41515|41513
41516|41513
41517|41515
41518|41516
41753|41752
41754|41752
41755|41754
41757|41752
41758|41752
41759|41754
41760|41752
41762|41755
41763|41755
41765|41752
41766|41752
42053|42052
42055|42052
42056|42052
42058|42052
42059|42052
42061|42059
42380|42379
42383|42379
42384|42380
42385|42379
42386|42382
42387|42379
42388|42387
42391|42387
42392|42380
42393|42390
42604|42602
42606|42602
42625|42623
42626|42623
42628|42627
42666|42665
42667|42665
42669|42665
42670|42665
42671|42670
42672|42670
42673|42670
42674|42665
42675|42665
42676|42672
42677|42674
42683|42679
43085|43084
43086|43085
43087|43086
43088|43087
43089|43084
43090|43085
43091|43086
43092|43084
43093|43086
43095|43084
43096|43084
43097|43087
43098|43087
43100|43095
43223|43217
43225|43222
43227|43217
43228|43217
43230|43226
43231|43230
43232|43229
43233|43217
43317|43315
43319|43315
43320|43315
43442|43440
43444|43440
43446|43440
43447|43446
43450|43447
43452|43440
43454|43440
43455|43448
43456|43440
44118|44117
44121|44118
44122|44118
44124|44117
44126|44117
44127|44118
44128|44126
44204|44202
44207|44202
44383|44382
44384|44381
44385|44384
44386|44381
44387|44381
44389|44381
44391|44383
44392|44384
44393|44381
44618|44617
44619|44617
44620|44617
44621|44617
44622|44617
44623|44620
44624|44621
44625|44620
44626|44621
44689|44688
44691|44689
44692|44688
44693|44689
44694|44693
44696|44693
44697|44688
44698|44693
44700|44693
44701|44700
44702|44693
44703|44688
44925|44923
44927|44923
44928|44924
44929|44928
45164|45162
45165|45162
45166|45162
45167|45161
45168|45162
45169|45168
45170|45161
45172|45161
45173|45162
45196|45194
45198|45194
45199|45197
45200|45198
45201|45194
45202|45198
45203|45194
45204|45194
45393|45391
45394|45391
45395|45392
45396|45395
45429|45427
45430|45427
45431|45427
45433|45429
45434|45427
45435|45427
45436|45427
45437|45429
45438|45435
45439|45435
45440|45427
45441|45435
45450|45448
45451|45450
45452|45448
45453|45447
45454|45451
45455|45451
45456|45455
45457|45455
45458|45447
45459|45455
45460|45447
45461|45455
45462|45450
45463|45451
45556|45553
45559|45555
45560|45553
45561|45555
45562|45558
45563|45553
45564|45560
45565|45559
45712|45710
45713|45709
45714|45711
45715|45711
45716|45709
45717|45716
45718|45710
45719|45717
45721|45719
45723|45719
45724|45716
45725|45709
45857|45855
45860|45855
45861|45859
45863|45855
45864|45861
45866|45855
45867|45865
46032|46031
46033|46031
46035|46031
46037|46031
46039|46031
46040|46038
46041|46038
46042|46031
46044|46038
46045|46038
46046|46043
46047|46038
46048|46031
46050|46040
46396|46395
46397|46395
46399|46395
46401|46395
46403|46395
46404|46395
46795|46794
47381|47379
47382|47379
47383|47382
47386|47379
47388|47384
47389|47384
47390|47382
47391|47386
47392|47386
47393|47382
47394|47393
47395|47381
47396|47379
47397|47381
47398|47381
47667|47666
47669|47668
47670|47666
47672|47669
47673|47671
47675|47669
47676|47666
47677|47669
47678|47674
47819|47817
47820|47817
47821|47817
47822|47817
47823|47822
47824|47817
47825|47822
47826|47822
47827|47817
47828|47821
47829|47817
47830|47822
47831|47817
47832|47822
48065|48064
48066|48065
48068|48064
48070|48066
48071|48064
48072|48065
48073|48064
48075|48066
48076|48066
48077|48066
48078|48075
48079|48066
48080|48066
48081|48080
48513|48512
48514|48512
48515|48508
48516|48512
48517|48512
48661|48660
48664|48662
48669|48662
48705|48703
48707|48703
48708|48707
48709|48703
48710|48707
49082|49081
49083|49081
49084|49081
49085|49078
49086|49081
49087|49081
49088|49083
49089|49083
49090|49083
49091|49086
49092|49086
49093|49089
49094|49078
49180|49179
49181|49179
49183|49180
49184|49179
49186|49180
49187|49185
49188|49185
49189|49185
49190|49185
49191|49180
49192|49187
49193|49190
49194|49179
49320|49318
49321|49318
49322|49321
49323|49321
49324|49321
49325|49318
49326|49322
49327|49322
49328|49319
49329|49319
49330|49326
49954|49953
49955|49953
49957|49953
49958|49956
49959|49958
49960|49956
49961|49956
49962|49956
49963|49953
49964|49953
49965|49956
49966|49953
49967|49956
50129|50128
50130|50128
50131|50128
50132|50130
50133|50130
50134|50132
50136|50132
50138|50132
50139|50132
50140|50131
50328|50327
50330|50327
50333|50332
50334|50332
50335|50332
50338|50327
50340|50327
50341|50327
50342|50327
50343|50327
50344|50332
50345|50327
50959|50957
50961|50957
50962|50957
50963|50957
50964|50957
50965|50964
50967|50957
50968|50967
50969|50963
50970|50964
50971|50967
50972|50963
50973|50971
50976|50975
50977|50975
50978|50975
50979|50975
50982|50978
50983|50978
50985|50984
50987|50984
50989|50979
50990|50989
50993|50989
51609|51607
51611|51607
51612|51607
51613|51612
51614|51612
51885|51883
51890|51885
51891|51885
51892|51885
51893|51889
51894|51889
51895|51889
51896|51885
51897|51896
51899|51885
51900|51898
51901|51897
52227|52225
52229|52227
52231|52230
52232|52225
52233|52225
52235|52231
52236|52232
52237|52231
52238|52231
52239|52225
52240|52225
52241|52232
52881|52880
52882|52880
52883|52881
52885|52881
52886|52880
52887|52881
52890|52888
52891|52888
52892|52890
52893|52888
52894|52888
52895|52889
52896|52890
52898|52890
52899|52889
52900|52893
52901|52889
52902|52890
52903|52890
52904|52900
52905|52903
52906|52900
52907|52903
52911|52910
52915|52914
52916|52912
52917|52910
52918|52914
52919|52915
52920|52916
52921|52912
52922|52914
52923|52915
52924|52912
52925|52916
52926|52914
52927|52915
53152|53151
53155|53151
53156|53151
53173|53172
53176|53172
53177|53176
53178|53176
53179|53176
53180|53176
53181|53176
53182|53172
53222|53221
53223|53221
53225|53221
53227|53226
53228|53226
53229|53224
53230|53228
53231|53229
53232|53229
53233|53221
53234|53229
53237|53224
53238|53234
53239|53226
53473|53469
53475|53473
53476|53473
53477|53476
53478|53469
53479|53469
53480|53472
53482|53478
53483|53469
53484|53476
53485|53472
53486|53477
53487|53477
53488|53481
53751|53750
53752|53751
53753|53752
53754|53751
53755|53753
53757|53753
53758|53750
53759|53750
53760|53751
53761|53751
53762|53750
53763|53750
53764|53757
53765|53760
53766|53751
53767|53751
53768|53759
53769|53759
53777|53776
53780|53776
53782|53778
53783|53780
53784|53780
53785|53778
53786|53785
53787|53782
53788|53778
53789|53778
54086|54084
54087|54084
54088|54084
54089|54088
54251|54250
54252|54250
54253|54250
54254|54252
54257|54250
54258|54252
54259|54252
54419|54418
54421|54420
54422|54418
54423|54420
54424|54418
54425|54420
54426|54422
54501|54500
54503|54500
54504|54500
54853|54852
54854|54852
54855|54853
54856|54854
54857|54854
54859|54854
54860|54859
54861|54853
54862|54853
54863|54857
54864|54861
54865|54854
54866|54852
54867|54859
54868|54858
54869|54857
54874|54873
54876|54873
54877|54874
54878|54873
54879|54873
54880|54878
55104|55103
55105|55103
55106|55103
55109|55103
55110|55103
55112|55111
55113|55111
55115|55103
55116|55103
55310|55309
55311|55309
55312|55309
55313|55309
55315|55309
55316|55309
55318|55309
55319|55309
55322|55319
55323|55318
55324|55320
55555|55553
55558|55557
55559|55557
55560|55557
55563|55553
55701|55700
55703|55700
55705|55700
55707|55700
55709|55700
55711|55710
55712|55710
55714|55711
55716|55708
55717|55708
55744|55739
55745|55744
55746|55739
55747|55739
55748|55746
55749|55744
55750|55746
55751|55750
55752|55739
55753|55746
55754|55749
55901|55898
55902|55898
55905|55898
55906|55898
55908|55898
55910|55898
55912|55909
55913|55898
55914|55898
55969|55968
56185|56184
56186|56184
56188|56184
56634|56628
56902|56900
56903|56901
56905|56900
56907|56901
56909|56900
56910|56907
56911|56900
56912|56907
56913|56901
56915|56901
56916|56911
56953|56950
56954|56951
56955|56951
56956|56952
56957|56950
56959|56952
56960|56952
56961|56952
56962|56950
56963|56952
56964|56951
56966|56950
56967|56950
56968|56951
56969|56959
57034|57031
57036|57031
57037|57035
57038|57035
57039|57038
57040|57035
57041|57035
57043|57038
57044|57035
57045|57038
57301|57300
57303|57300
57304|57300
57306|57305
57307|57301
57309|57305
57310|57306
57311|57308
57312|57301
57313|57300
57314|57308
57315|57300
57316|57301
57317|57300
57318|57312
57587|57586
57590|57588
57592|57586
58055|58052
58056|58052
58057|58052
58058|58052
58060|58052
58061|58052
58138|58135
58139|58138
58140|58139
58142|58139
58144|58140
58145|58138
58205|58203
58206|58203
58207|58203
58208|58205
58209|58207
58210|58205
58211|58205
58212|58207
58213|58207
58215|58210
58216|58205
58217|58210
58341|58338
58342|58341
58344|58342
58483|58480
58484|58480
58485|58480
58488|58480
58489|58480
58490|58480
58492|58480
58493|58480
58495|58490
58496|58480
58650|58649
58651|58649
58653|58649
58654|58652
58655|58652
58703|58702
58904|58902
58905|58902
58906|58902
58907|58902
58909|58902
58910|58902
58912|58902
58913|58902
58982|58981
58983|58980
58984|58980
58985|58982
58986|58982
58988|58984
58990|58982
58991|58980
58992|58980
59017|59014
59018|59015
59019|59017
59021|59017
59022|59019
59023|59014
59024|59020
59025|59015
59026|59015
59027|59022
59313|59308
59324|59323
59325|59323
59326|59323
59329|59323
59331|59330
59333|59324
59334|59323
59335|59329
59336|59329
59337|59333
59338|59324
59486|59485
59488|59485
59489|59485
59491|59490
59492|59485
59496|59490
59836|59835
59837|59835
59840|59839
59841|59835
59842|59841
59843|59835
59847|59835
59848|59843
59923|59921
59924|59923
59925|59923
59926|59923
59927|59923
59928|59921
59929|59923
59931|59927
60109|60107
60110|60107
60111|60107
60113|60107
60115|60113
60116|60107
60117|60107
60138|60137
60142|60141
60143|60137
60145|60137
60146|60145
60147|60141
60154|60152
60155|60152
60156|60154
60157|60152
60158|60152
60159|60156
60160|60158
60161|60156
60162|60160
60163|60158
60164|60156
60165|60156
60166|60158
60453|60452
60457|60452
60458|60452
60459|60452
60461|60458
60463|60462
60465|60462
60466|60463
60467|60457
60469|60462
60470|60452
60583|60582
60584|60582
60585|60582
60586|60581
60587|60581
60588|60587
60589|60582
60590|60588
60973|60972
60975|60972
60976|60972
60977|60972
60978|60972
60980|60972
60981|60979
60982|60972
61993|61992
61994|61992
61995|61994
61996|61992
61997|61994
61998|61997
61999|61996
62000|61996
62001|61996
62002|61998
62003|61998
62004|61994
62005|61998
62006|61998
62007|62006
62008|61997
62331|62330
62332|62330
62335|62330
62336|62334
62373|62371
62374|62371
62375|62374
62376|62374
62377|62374
62380|62379
62381|62371
62382|62374
62383|62371
62384|62374
62386|62379
63040|63038
63041|63040
63042|63040
63043|63042
63044|63041
63045|63038
63047|63042
63048|63042
63116|63114
63119|63118
63120|63118
63121|63119
63122|63118
63159|63158
63161|63158
63163|63158
63164|63158
63302|63301
63303|63302
63324|63323
63479|63476
63481|63477
63705|63704
63707|63706
63709|63708
63710|63708
63711|63704
63712|63708
63715|63708
63716|63708
63717|63706
63718|63711
64142|64140
64144|64140
64145|64143
64146|64140
64147|64143
64148|64143
64149|64140
64151|64146
64152|64146
64154|64139
64255|64254
64256|64254
64257|64252
64259|64252
64260|64254
64261|64252
64706|64704
64708|64704
64709|64704
64710|64704
64713|64704
64714|64704
64715|64704
65788|65786
65791|65786
65792|65786
65793|65786
65794|65786
65796|65786
65797|65786
65798|65793
65799|65793
65801|65790
65802|65786
65856|65855
65857|65854
65858|65854
65859|65857
65860|65858
65861|65859
65862|65857
65863|65858
65864|65861
65900|65899
65901|65899
65902|65901
65904|65899
65905|65901
65907|65901
65910|65899
65911|65901
65938|65936
65939|65936
65942|65941
65943|65941
65944|65941
65945|65941
65946|65936
65947|65941
65948|65946
65949|65946
65950|65946
65951|65950
65952|65941
65953|65945
65954|65946
66515|66513
66516|66513
66517|66513
66519|66513
66522|66513
66523|66513
66524|66513
66624|66623
66625|66624
66732|66729
66733|66729
66789|66788
66790|66788
66791|66788
66793|66788
66794|66793
66795|66793
66796|66788
66798|66793
66800|66797
66801|66800
66802|66800
66941|66940
66943|66941
66944|66940
66946|66940
66947|66938
66948|66945
66997|66996
66999|66997
67000|66996
67003|66996
67004|66997
67006|67005
67007|67005
67008|67007
67009|66997
67010|67007
67011|66996
67012|66997
68009|68008
68012|68008
68013|68008
68014|68009
68015|68009
68017|68008
68018|68017
68019|68008
68020|68019
68021|68008
68022|68021
68023|68009
68024|68015
68025|68017
68026|68008
68027|68021
68058|68056
68059|68056
68061|68056
68062|68056
68064|68056
68065|68061
68114|68113
68116|68114
68117|68114
68119|68116
68120|68116
68121|68116
68122|68113
68123|68121
68124|68121
68125|68124
68126|68124
68127|68121
68128|68125
68192|68191
68196|68193
68197|68191
68199|68193
68200|68193
68201|68196
68202|68198
68204|68196
68205|68193
68206|68198
68207|68200
68305|68304
68307|68304
68308|68307
68309|68308
68310|68304
68311|68307
68313|68312
68314|68312
68315|68307
68370|68369
68372|68369
69250|69249
69251|69249
69254|69252
69255|69252
69259|69256
69260|69253
69261|69256
69262|69258
69376|69374
69382|69381
69386|69382
69389|69382
69390|69389
69391|69389
69392|69382
69393|69388
69394|69390
69533|69532
69534|69533
69535|69532
69537|69532
69538|69532
69539|69532
69540|69539
69541|69534
69542|69539
69543|69539
69544|69534
69545|69539
69546|69545
69657|69656
69658|69655
69659|69655
69719|69718
69721|69718
69723|69718
69733|69732
69734|69733
69735|69733
69736|69733
69737|69736
69738|69736
69739|69738
69740|69739
69741|69739
69742|69736
69744|69733
69745|69744
69746|69742
69993|69992
69994|69992
69997|69992
69999|69992
70000|69998
70001|69998
70002|70000
70003|70000
70004|69998
70121|70119
70122|70119
70385|70384
70387|70384
70391|70384
70409|70408
70411|70408
70412|70408
70413|70408
70414|70408
71056|71055
71057|71055
71060|71055
71061|71055
71063|71055
71065|71063
71066|71063
71067|71063
71068|71063
71070|71063
71071|71070
71072|71055
71073|71071
71324|71323
71325|71323
71326|71324
71327|71324
71328|71323
71329|71324
71330|71323
71331|71324
71332|71331
71333|71331
71334|71333
71335|71324
71375|71374
71376|71374
71377|71374
71379|71374
71380|71374
71381|71379
71382|71380
71383|71382
71384|71382
71385|71379
71386|71384
71611|71610
71614|71610
71615|71610
71616|71610
71618|71616
71619|71610
71620|71616
71621|71618
71622|71610
71623|71610
71624|71623
71625|71616
71626|71610
71627|71624
71628|71622
71636|71635
71640|71635
71641|71639
71642|71640
71644|71640
71645|71635
71646|71641
71762|71761
71763|71761
71764|71761
71766|71761
71768|71761
71769|71767
71770|71761
71772|71761
71773|71761
71775|71761
72064|72061
72065|72061
72067|72063
72068|72063
72069|72063
72070|72063
72072|72063
72073|72071
72074|72071
72075|72071
72076|72061
72518|72517
72519|72517
72520|72519
72522|72517
72523|72517
72524|72521
72525|72521
72526|72523
72527|72517
72529|72521
72667|72666
72668|72666
72669|72668
72670|72668
72672|72666
72673|72666
72674|72668
72675|72668
72676|72672
72677|72672
72678|72672
72679|72678
72680|72666
72909|72908
72910|72908
72911|72908
72913|72912
72915|72908
72916|72912
72917|72916
72918|72908
72919|72916
72960|72959
72961|72959
72962|72959
73894|73893
73895|73893
73897|73893
73902|73893
73919|73917
73921|73917
73925|73918
73926|73918
73927|73918
73928|73925
73929|73925
73930|73917
73931|73917
73932|73927
74112|74111
74114|74113
74115|74111
74117|74114
74118|74111
74120|74113
74121|74114
74122|74114
74123|74116
74124|74111
74125|74116
74127|74116
74128|74116
75280|75279
75283|75279
75284|75279
75288|75286
75289|75286
75291|75290
75292|75282
76261|76259
76263|76259
76264|76259
76265|76259
76266|76259
76267|76265
76268|76265
76269|76265
76270|76265
76271|76259
76272|76259
76273|76270
76274|76268
76535|76533
76536|76533
76537|76535
76538|76535
76539|76535
76542|76538
76543|76535
76616|76615
76617|76615
76618|76615
76620|76615
76621|76615
76622|76621
76623|76615
76625|76615
76626|76621
76628|76621
76629|76621
76630|76617
76631|76617
76632|76621
76633|76627
76634|76627
76759|76758
76761|76758
76762|76758
76763|76758
76766|76765
76768|76766
76773|76771
76774|76773
76775|76771
76776|76771
76777|76771
76779|76778
76780|76773
76781|76778
76782|76773
76783|76771
76786|76785
76787|76784
76788|76778
76789|76773
76790|76773
76940|76938
76941|76938
76942|76941
77065|77064
77066|77065
77068|77065
77070|77065
77071|77064
77073|77065
77161|77160
77162|77160
77163|77160
77165|77164
77167|77164
77168|77160
77169|77160
77171|77164
77172|77160
77173|77160
77174|77164
77175|77160
77177|77172
77178|77172
77273|77270
77275|77270
77277|77270
77278|77270
77279|77276
77280|77276
77281|77276
77282|77276
77283|77270
77284|77280
77285|77270
77286|77281
77287|77276
77288|77281
77409|77408
77410|77408
77411|77408
77412|77408
77414|77410
77515|77514
77516|77515
77518|77517
77599|77595
77600|77595
77601|77595
77602|77595
77603|77595
77606|77595
77693|77692
77695|77692
77698|77692
77699|77696
77700|77696
77701|77696
77702|77692
77703|77702
78079|78078
78080|78078
78081|78078
78083|78082
78084|78078
78085|78082
78086|78082
78087|78078
78088|78083
78089|78082
78091|78082
78092|78078
78093|78089
78094|78093
78095|78093
78096|78093
78097|78094
78261|78260
78268|78260
78269|78260
78478|78475
78480|78475
78482|78479
78484|78479
78486|78482
78487|78475
78533|78532
78534|78533
78535|78532
78537|78533
78538|78535
78539|78532
78540|78533
78541|78540
78588|78587
78591|78587
78680|78679
78681|78679
78687|78679
78688|78685
78689|78686
78690|78679
78865|78862
78866|78864
78867|78862
78868|78862
78869|78867
78870|78866
78872|78864
78873|78870
78874|78862
78875|78869
78876|78869
78877|78868
78878|78867
78944|78943
78946|78943
78947|78942
78948|78943
78949|78947
78951|78943
79042|79039
79043|79039
79044|79039
79045|79039
79047|79046
79048|79046
79050|79039
79051|79039
79052|79039
79054|79039
79055|79046
79309|79308
79310|79309
79311|79309
79312|79311
79313|79309
79316|79314
79318|79315
79319|79314
79320|79315
79321|79314
79322|79314
79323|79321
79324|79315
79326|79321
79328|79321
79329|79327
79330|79315
79331|79318
79332|79321
79333|79314
79738|79737
79739|79737
79740|79739
79741|79739
79744|79742
79745|79739
79746|79743
79747|79739
79749|79746
79818|79817
79819|79817
79820|79817
79821|79817
79823|79822
79824|79822
79826|79817
79827|79822
79829|79827
79830|79822
79831|79822
79833|79822
79850|79849
79851|79849
79853|79851
79855|79851
79856|79849
79888|79887
79894|79886
79895|79886
79896|79895
79897|79895
79898|79887
79899|79886
79900|79886
79901|79895
79936|79935
79937|79935
79941|79940
79942|79935
79943|79940
79944|79938
79945|79940
79993|79988
79995|79988
79996|79988
79997|79988
79999|79988
80000|79995
80001|79995
80002|79995
80003|79988
80004|79988
80006|79988
80216|80214
80217|80214
80219|80218
80220|80215
80221|80217
80222|80218
80223|80214
80224|80223
80227|80217
80228|80216
80229|80218
80598|80592
80599|80592
80600|80592
80602|80592
80604|80592
80608|80607
80664|80662
80666|80662
80667|80662
80669|80662
80670|80667
80671|80667
80672|80670
80673|80670
80675|80667
80677|80670
81594|81593
81596|81594
81597|81593
81598|81597
81599|81598
81601|81594
81602|81594
81603|81593
81604|81594
81701|81699
81702|81699
81703|81701
81704|81699
81705|81701
81706|81701
81707|81699
81708|81699
81709|81699
81710|81701
81711|81707
81712|81710
81713|81707
81715|81707
81716|81714
81717|81701
81919|81918
81920|81918
81922|81918
81923|81918
81925|81920
81929|81920
81930|81927
81931|81930
82119|82118
82120|82118
82121|82120
82122|82118
82123|82120
82124|82122
82125|82120
82126|82120
82127|82122
82128|82124
82129|82118
82130|82120
82131|82118
82132|82120
82133|82120
82307|82304
82308|82306
82311|82304
82312|82306
82313|82311
82314|82311
82316|82311
82318|82304
82319|82306
82320|82306
82322|82318
83118|83117
83120|83117
83121|83118
83122|83117
83125|83118
83126|83117
83127|83125
83128|83118
83129|83125
83131|83127
83132|83125
83133|83117
83134|83127
83135|83118
83136|83128
83736|83735
83737|83735
83738|83735
83739|83735
83740|83738
83741|83735
83742|83740
83743|83735
83744|83740
83745|83744
83746|83740
83748|83745
83749|83745
83751|83747
83816|83815
83818|83815
83819|83814
83821|83814
83822|83818
83823|83814
83824|83818
83825|83814
83827|83818
83829|83824
83833|83830
83835|83834
83836|83830
83837|83836
83838|83837
83839|83837
83840|83839
83841|83834
83842|83834
83843|83830
83844|83834
83845|83839
83846|83834
83847|83841
83848|83830
83849|83836
84534|84533
84536|84534
84537|84533
84539|84535
84540|84533
84541|84534
84542|84534
84543|84534
84544|84535
84545|84535
84546|84533
84547|84535
84548|84534
84549|84548
84550|84542
84551|84548
84552|84533
84625|84624
84626|84625
84627|84624
84628|84625
84629|84628
84632|84628
84633|84625
84635|84624
84636|84632
84639|84631
84640|84628
84744|84742
84747|84746
84759|84757
84760|84758
84761|84759
84762|84758
84763|84761
84765|84759
84766|84757
84976|84975
84977|84975
84981|84979
84982|84979
84984|84982
84985|84982
84988|84983
84989|84988
84990|84982
85574|85572
85575|85574
85576|85572
85577|85574
85578|85574
85579|85576
85582|85572
85583|85574
85584|85572
85587|85576
85588|85574
85589|85581
85592|85591
85595|85591
85596|85591
85598|85591
85599|85598
85600|85591
85601|85598
85602|85591
85604|85591
85605|85595
85606|85598
85607|85595
85609|85591
85770|85769
85771|85769
85772|85769
85773|85769
85774|85769
85775|85773
85778|85769
85779|85773
86066|86063
86068|86063
86069|86063
86070|86069
86071|86069
86183|86182
86184|86182
86187|86184
86188|86186
86189|86186
86192|86182
86219|86218
86220|86218
86221|86220
86222|86218
86223|86220
86225|86220
86226|86218
86227|86218
86255|86254
86257|86254
86259|86258
86262|86257
86263|86254
86264|86259
86265|86259
86266|86259
86267|86257
86269|86266
86270|86258
86271|86260
86291|86288
86292|86288
86293|86288
86296|86293
86297|86295
86364|86362
86365|86364
86366|86362
86367|86362
86368|86364
86369|86362
86371|86369
86372|86371
86373|86370
86375|86369
86512|86511
86514|86513
86516|86511
86517|86512
86518|86511
86519|86512
86520|86511
86521|86513
86522|86512
86523|86522
86524|86511
86525|86522
86527|86522
86688|86687
86690|86687
86692|86688
86693|86688
86694|86687
86695|86694
86696|86687
86697|86691
86698|86694
86699|86695
86700|86694
87173|87167
87178|87170
87179|87177
87180|87170
87181|87170
87183|87167
87184|87177
87304|87303
87305|87304
87306|87304
87307|87304
87308|87306
87309|87304
87310|87306
87312|87306
87315|87309
87316|87306
87317|87306
87318|87306
87319|87316
87460|87459
87462|87459
87463|87460
87464|87460
87465|87460
87466|87460
87467|87460
87468|87459
87469|87459
87470|87465
87471|87459
87473|87470
87474|87470
87475|87460
87476|87470
87477|87465
87478|87475
87481|87479
87482|87479
87483|87479
87611|87610
87612|87610
87613|87610
87614|87610
87615|87614
87617|87610
87618|87610
87651|87649
87653|87652
87654|87649
87655|87651
87656|87655
87941|87939
87943|87939
87951|87948
87952|87948
88130|88125
88131|88125
88132|88129
88133|88131
88134|88125
88135|88125
88427|88425
88428|88426
88431|88429
88432|88430
88433|88425
88435|88425
88464|88462
88465|88462
88466|88462
88467|88462
88514|88513
88517|88513
88519|88514
88520|88518
88522|88514
88523|88513
88524|88517
88525|88513
88526|88517
88527|88513
88528|88513
89110|89109
89111|89109
89298|89297
89299|89298
89301|89297
89644|89642
89648|89642
89649|89642
89651|89649
89653|89649
89654|89642
89655|89649
89656|89646
89657|89655
89780|89779
89783|89779
89785|89779
89786|89785
89787|89781
89788|89783
89790|89785
89955|89954
89957|89956
89958|89954
90019|90018
90020|90018
90022|90018
90023|90021
90024|90021
90025|90021
90028|90021
90029|90021
90031|90018
90033|90021
90034|90026
90243|90240
90244|90243
90245|90243
90246|90243
90249|90248
90250|90248
90251|90248
90252|90249
90253|90249
90255|90249
90256|90248
90257|90248
90260|90248
90261|90256
90263|90261
90264|90262
90265|90255
90266|90260
90639|90637
90640|90637
90641|90637
90644|90637
90645|90637
90650|90637
90652|90637
90653|90637
90706|90705
90707|90706
90708|90706
90709|90707
90710|90706
90711|90707
91071|91069
91072|91069
91073|91071
91074|91072
91077|91075
91079|91074
91080|91071
91081|91069
91082|91071
91083|91072
91084|91071
91085|91069
91086|91082
91087|91074
91375|91372
91376|91372
91377|91372
91378|91372
91379|91372
91380|91379
91381|91372
91383|91381
91467|91463
91468|91464
91469|91463
91696|91695
91698|91695
91699|91698
91759|91755
92571|92570
92574|92570
92575|92570
92576|92572
92577|92572
92578|92570
92581|92580
92582|92570
92583|92581
92585|92581
92586|92570
92587|92572
92588|92580
92589|92581
92643|92642
92646|92642
92647|92645
92651|92642
92652|92637
92654|92645
92655|92654
92767|92766
92771|92770
92772|92771
92773|92766
92774|92766
92775|92766
92776|92770
92873|92872
93241|93240
93242|93240
93243|93240
93244|93240
93245|93240
93246|93245
93247|93240
93248|93240
93604|93603
93605|93603
93607|93603
93609|93603
93613|93603
93614|93603
93615|93610
93617|93610
93618|93613
93619|93618
93620|93603
93621|93610
93695|93694
93696|93695
93698|93694
93700|93699
93701|93695
93702|93695
93704|93695
93705|93700
93706|93701
93707|93700
93708|93703
93709|93699
93711|93710
93714|93710
93715|93710
93718|93717
93719|93718
93720|93710
93721|93717
93722|93710
93731|93730
93734|93730
93735|93732
93736|93735
93737|93730
93738|93732
93753|93752
93756|93752
93758|93756
93759|93755
93761|93759
93762|93760
93763|93752
93764|93759
93765|93752
93766|93755
93768|93756
93769|93768
93770|93752
93922|93920
93923|93920
94022|94021
94023|94020
94024|94020
94025|94020
94226|94224
94228|94224
94229|94224
94232|94231
94233|94230
94235|94231
94236|94231
94237|94224
94238|94231
94239|94232
94272|94271
94273|94270
94274|94272
94275|94271
94276|94271
94277|94270
94341|94340
94343|94340
94344|94340
94346|94343
94347|94340
94348|94343
94349|94343
94351|94340
94352|94348
94353|94349
94354|94348
94409|94408
94411|94410
94412|94408
94413|94410
94414|94411
94415|94412
94416|94408
94418|94410
94419|94414
94420|94411
94421|94408
94422|94414
94423|94408
94424|94412
94641|94638
94643|94640
94644|94640
94645|94640
94646|94640
94647|94640
95056|95055
95057|95055
95058|95056
95060|95055
95061|95055
95062|95055
95063|95062
95064|95060
95065|95060
95212|95209
95214|95209
95215|95207
95216|95211
95217|95211
95218|95207
95219|95207
95220|95207
95221|95211
95222|95220
95223|95209
95224|95211
95225|95209
95363|95361
95368|95360
95369|95360
95371|95360
95373|95360
95374|95360
95375|95361
95376|95360
95377|95360
95378|95372
95379|95368
95424|95423
95427|95426
95428|95423
95595|95592
95596|95594
95597|95592
95599|95594
95600|95592
95602|95594
95603|95598
95604|95592
95605|95594
95606|95592
95607|95598
95655|95654
95656|95654
95658|95654
95659|95658
95660|95658
95662|95654
95663|95654
95665|95663
95666|95658
95668|95657
95669|95654
95670|95665
95671|95663
95672|95657
95673|95654
96120|96119
96121|96119
96122|96119
96123|96121
96125|96119
96127|96121
96130|96121
96131|96130
96132|96130
96135|96134
96304|96300
96310|96307
96311|96306
96312|96307
96313|96300
96314|96300
96357|96356
96358|96356
96360|96358
96363|96358
96364|96363
96365|96356
96366|96364
96367|96363
96368|96356
96369|96363
96371|96363
96381|96380
96382|96380
96383|96381
96385|96380
96386|96381
96387|96381
96388|96387
96389|96387
96390|96387
96391|96390
96392|96388
96393|96387
96394|96380
96902|96901
96903|96901
96904|96901
96905|96904
96906|96904
96908|96904
96909|96904
96910|96904
96911|96901
96912|96901
96914|96901
96915|96901
96916|96901
96917|96913
96918|96913
96919|96916
96941|96939
96942|96938
96944|96939
96946|96939
97191|97189
97192|97189
97193|97190
97195|97194
97196|97190
97197|97190
97221|97219
97224|97219
97225|97219
97228|97219
97229|97226
97230|97226
97263|97261
97264|97261
97266|97263
97267|97261
97270|97263
97271|97261
97273|97270
97274|97261
97362|97360
97363|97360
97364|97363
97365|97363
97366|97363
97367|97363
97368|97363
97455|97450
97562|97561
97567|97561
97568|97567
97569|97566
97570|97566
97696|97695
97697|97695
97700|97695
97703|97695
97704|97696
97706|97705
97707|97696
97708|97701
97915|97912
97916|97912
97918|97912
97920|97914
97921|97914
97922|97914
97923|97914
97924|97914
97967|97966
97969|97966
97970|97966
97971|97965
97972|97966
97973|97972
97974|97972
97975|97972
97976|97975
97977|97972
97980|97973
97981|97975
98237|98236
98238|98236
98242|98236
98243|98236
98245|98236
98246|98244
98265|98263
98266|98263
98267|98265
98268|98263
98269|98265
98270|98269
98271|98263
98272|98269
98273|98272
98274|98265
98275|98265
98276|98270
98278|98269
98279|98263
98280|98269
98501|98498
98502|98501
98503|98501
98504|98503
98506|98504
98507|98501
98508|98498
98509|98504
98510|98498
98512|98504
98513|98501
98515|98501
98516|98504
98517|98515
98575|98574
98576|98573
98578|98575
98579|98573
98580|98574
98581|98577
98582|98578
98583|98575
98613|98612
98618|98616
98619|98617
98620|98612
98621|98616
98622|98617
98623|98612
98624|98612
98625|98617
98626|98618
98627|98616
98628|98616
98629|98618
98630|98622
98631|98618
98666|98664
98667|98664
98668|98666
98669|98666
98670|98666
98674|98671
98780|98778
98782|98780
98783|98778
98786|98781
98787|98781
98789|98787
98790|98781
98795|98794
98797|98794
98802|98794
98803|98795
98804|98794
98806|98795
98807|98797
98808|98795
98809|98807
98930|98929
98932|98929
98933|98929
98935|98929
98937|98929
98938|98937
98939|98938
98940|98938
98941|98932
98942|98938
98943|98937
98944|98937
99019|99018
99020|99018
99023|99018
99024|99018
99027|99018
99028|99018
99036|99034
99037|99034
99038|99037
99040|99037
99042|99037
99043|99034
99045|99037
99046|99037
99382|99381
99383|99381
99385|99384
99386|99385
99639|99638
99641|99638
99642|99640
99644|99640
99645|99640
99646|99644
99647|99638
99648|99646
99811|99809
99812|99809
99813|99808
99814|99813
100070|100068
100071|100068
100073|100069
100074|100068
100075|100072
100076|100068
100077|100072
100079|100072
100081|100068
100082|100081
100083|100069
100102|100101
100103|100101
100105|100101
100108|100104
100109|100103
100110|100108
100111|100110
100112|100108
100113|100106
100114|100108
100115|100104
100116|100101
100120|100119
100121|100120
100122|100119
100124|100120
100125|100124
100126|100122
100127|100124
100128|100120
100129|100124
100291|100290
100293|100290
100294|100290
100297|100290
100298|100290
100302|100290
100303|100301
100304|100290
100305|100290
100564|100561
100566|100565
100569|100561
100570|100561
100571|100570
100572|100570
100573|100561
100738|100737
100739|100738
100740|100738
100741|100737
100742|100737
100743|100739
100744|100739
100745|100743
100747|100739
100748|100746
100749|100744
100750|100749
100751|100746
100752|100746
100753|100743
100836|100835
100837|100835
100843|100837
100844|100837
100846|100844
101420|101417
101421|101417
101422|101417
101423|101420
101425|101420
101426|101420
101427|101420
101428|101424
101429|101417
101431|101424
101453|101451
101454|101452
101455|101454
101456|101451
101457|101452
101458|101451
101459|101456
101462|101451
101463|101461
101464|101456
101465|101452
101691|101690
101693|101689
101694|101689
101695|101689
101697|101690
101698|101697
101699|101689
101700|101697
102457|102455
102459|102455
102460|102459
103135|103134
103136|103134
103137|103135
103138|103135
103141|103134
103144|103135
103145|103139
103146|103139
103147|103139
103148|103134
103149|103145
103150|103145
103151|103145
103181|103180
103182|103180
103183|103181
103321|103320
103322|103320
103323|103320
103325|103320
103412|103411
103413|103411
103414|103411
103415|103414
103449|103447
103450|103447
103451|103447
103452|103447
103512|103510
103514|103510
103515|103510
103616|103615
103619|103618
103620|103618
103621|103618
103847|103845
103848|103847
103849|103845
103850|103846
103851|103845
103852|103847
103853|103846
103854|103846
103855|103846
104085|104083
104086|104083
104089|104083
104090|104089
104091|104089
104092|104083
104094|104089
104095|104083
104096|104089
104218|104217
104219|104218
104220|104217
104222|104218
104223|104222
104225|104217
104226|104222
104227|104218
104229|104226
104230|104217
104231|104230
104232|104228
104233|104217
104359|104358
104360|104358
104362|104358
104363|104358
104364|104363
104365|104364
104366|104362
104552|104551
104553|104551
104555|104551
104557|104552
104558|104552
104559|104554
104560|104554
104561|104551
104562|104551
104700|104698
104703|104695
104704|104695
104705|104698
104706|104698
104800|104799
104801|104799
104802|104799
104805|104801
104806|104801
104807|104804
104808|104804
104809|104799
104810|104804
104811|104806
104812|104799
104813|104799
104814|104801
104929|104928
104931|104928
104932|104928
104933|104928
104934|104928
104935|104933
104936|104928
104937|104930
104938|104933
104939|104938
104941|104938
105417|105416
105418|105416
105421|105419
105422|105416
105423|105419
105424|105419
105437|105436
105438|105437
105440|105436
105441|105436
105442|105436
105443|105441
105444|105436
105445|105436
105447|105445
105448|105437
105474|105472
105476|105472
105477|105474
105478|105474
105479|105472
105480|105474
105482|105475
105483|105474
105484|105474
105830|105828
105831|105828
105832|105828
105833|105828
105835|105828
105836|105828
105837|105828
105838|105833
105839|105828
105840|105833
105841|105828
105842|105833
105862|105860
105863|105860
105864|105862
105866|105864
105867|105864
105868|105867
105869|105864
105870|105864
105876|105872
105879|105872
105881|105872
105882|105872
105884|105872
105885|105872
105887|105886
105890|105872
105998|105997
106000|105997
106002|105999
106003|105997
106004|105999
106659|106658
106663|106662
106664|106658
106666|106658
106667|106658
106720|106719
106721|106719
106722|106719
106723|106719
106724|106719
106728|106719
106731|106719
106733|106729
106734|106730
106861|106858
106862|106861
106864|106862
106865|106858
106866|106863
106867|106861
106868|106858
106869|106863
106871|106863
106872|106871
106873|106862
106969|106964
106970|106969
106971|106963
106972|106963
106973|106969
106975|106972
106976|106974
106977|106972
106978|106963
107115|107113
107116|107113
107117|107113
107118|107113
107119|107113
107125|107122
107126|107122
107127|107122
107129|107113
107688|107687
107689|107687
107725|107724
107726|107724
107728|107726
107729|107724
107730|107726
107731|107730
107732|107724
107734|107730
107735|107726
107774|107773
107777|107776
107778|107776
107779|107773
107780|107776
107781|107776
107782|107781
107783|107781
107785|107773
107787|107781
108004|108003
108005|108003
108007|108004
108038|108037
108040|108037
108041|108039
108163|108161
108242|108241
108245|108243
108246|108241
108247|108243
108374|108373
108376|108373
108377|108373
108378|108377
108379|108377
108380|108379
108381|108378
108586|108584
108590|108588
108591|108586
108592|108584
108593|108588
108594|108586
108596|108584
108597|108584
108598|108596
108600|108586
108601|108584
108602|108593
108636|108634
108639|108634
108640|108638
108642|108634
108643|108639
108644|108638
108645|108643
108647|108641
108648|108638
108649|108646
108650|108643
108992|108991
108995|108991
108996|108991
108998|108991
109000|108996
109040|109037
109041|109037
109042|109037
109046|109037
109047|109037
109049|109046
109050|109046
109051|109046
109053|109046
109320|109316
109321|109319
109322|109316
109324|109316
109326|109319
109328|109316
109329|109319
109330|109319
109331|109316
109332|109316
109349|109347
109351|109350
109352|109347
109354|109346
109355|109345
109356|109350
109357|109346
109358|109345
109359|109347
109360|109346
109498|109496
109501|109497
109503|109497
109504|109496
109505|109504
109506|109503
109508|109496
109520|109519
109523|109520
109524|109523
109525|109519
109526|109520
109527|109523
109528|109523
109529|109520
109530|109523
109753|109751
109755|109751
109757|109751
109759|109751
109760|109759
109761|109751
109880|109879
109881|109879
109884|109879
109885|109879
109886|109883
109887|109883
109889|109886
109890|109888
109891|109879
109892|109888
110317|110315
110318|110315
110321|110317
110322|110315
110323|110322
110324|110315
110326|110315
110327|110322
110328|110327
110329|110319
110330|110319
110517|110514
110519|110517
110520|110514
110521|110520
110522|110517
110523|110514
110579|110578
110581|110578
110582|110577
110584|110577
110585|110579
110586|110582
110589|110582
110590|110579
110591|110578
110592|110586
110593|110586
110639|110636
110640|110636
110643|110636
110645|110644
110646|110644
110647|110641
110648|110644
110721|110720
110722|110720
110723|110720
110725|110720
110726|110723
110792|110791
110793|110791
110794|110792
110799|110795
110800|110799
110801|110799
110802|110799
110803|110801
110804|110801
110806|110799
110807|110795
110808|110799
110810|110799
111011|111009
111012|111006
111014|111013
111015|111006
111016|111009
111017|111013
111383|111380
111384|111380
111387|111380
111388|111380
111391|111384
111392|111386
111393|111386
111394|111386
111395|111386
111396|111384
111397|111384
111398|111386
111499|111498
111500|111499
111501|111498
111504|111498
111505|111499
111507|111499
111509|111508
111643|111642
111645|111642
111647|111642
111648|111642
111649|111642
111651|111650
111652|111650
111653|111652
111654|111642
111769|111768
111770|111768
111772|111768
111773|111768
111774|111768
111775|111768
111776|111768
111777|111768
111778|111776
111779|111775
111780|111776
111781|111768
111813|111812
111814|111812
111816|111812
111817|111813
111966|111963
111967|111966
111968|111964
112147|112146
112149|112145
112150|112146
112151|112146
112152|112146
112153|112145
112154|112152
112155|112146
112156|112152
112157|112145
112256|112255
112259|112255
112261|112256
112262|112256
112263|112261
112264|112263
112265|112255
112266|112255
112267|112259
112268|112256
112270|112256
112271|112268
112272|112261
112273|112256
112274|112268
112369|112364
112370|112364
112372|112371
112373|112369
112374|112364
112489|112488
112490|112488
112491|112488
112939|112938
112941|112938
112942|112938
112943|112938
112944|112938
112945|112938
112946|112945
112948|112938
112949|112948
112950|112941
113018|113016
113019|113017
113021|113017
113022|113016
113023|113017
113024|113016
113026|113017
113408|113406
113409|113406
113411|113409
113412|113409
113414|113413
113415|113409
113416|113409
113417|113406
113420|113406
113597|113595
113598|113595
113600|113595
113816|113813
113817|113816
113818|113816
113819|113815
113820|113815
113821|113815
113822|113812
113823|113815
113824|113813
113825|113816
113826|113815
113827|113815
113960|113959
113961|113959
113964|113960
114060|114057
114439|114437
114440|114438
114442|114439
114443|114438
114444|114438
114445|114444
114446|114437
114447|114439
114449|114443
114450|114442
114451|114438
114452|114438
114453|114444
114454|114445
114455|114438
114456|114442
114561|114560
114564|114560
114566|114564
114569|114562
114570|114566
114571|114564
114572|114564
114573|114564
114574|114566
114575|114564
114633|114632
114635|114632
114637|114636
114638|114636
114639|114632
114640|114636
114689|114688
114690|114688
114692|114688
114693|114688
114695|114688
114921|114920
114924|114923
114925|114920
114926|114923
115194|115192
115197|115196
115198|115196
115199|115198
115201|115199
115997|115996
115998|115996
115999|115996
116000|115996
116001|115993
116003|116002
116004|116002
116007|115996
116008|116005
116009|116005
116010|116005
116011|116004
116069|116068
116072|116068
116074|116071
116075|116073
116076|116073
116077|116073
116078|116073
116079|116073
116170|116169
116172|116169
116173|116169
116174|116169
116176|116174
116177|116172
116210|116208
116211|116208
116212|116208
116230|116228
116231|116226
116233|116228
116234|116231
116235|116226
116237|116226
116238|116228
116239|116231
116366|116365
116369|116365
116370|116368
116377|116375
116379|116376
116380|116376
116381|116376
116383|116381
116384|116375
116386|116381
116387|116376
116388|116375
116390|116380
116391|116384
116392|116380
116393|116380
116532|116530
116537|116535
116539|116530
116540|116537
116541|116539
116542|116539
116544|116537
116545|116539
116546|116537
116547|116539
116560|116559
116565|116559
116567|116559
116568|116566
116569|116568
116572|116559
116573|116568
116574|116572
118010|118009
118012|118009
118013|118008
118014|118008
118018|118015
118019|118017
118231|118230
118233|118231
118234|118231
118393|118392
118396|118395
118398|118395
118399|118395
118401|118395
118402|118396
118404|118402
118816|118815
118817|118815
118818|118815
118819|118815
118820|118815
118821|118815
119182|119180
119183|119179
119185|119179
119186|119179
119187|119179
119188|119180
119191|119179
119966|119964
119967|119966
119970|119968
119971|119964
119972|119970
119973|119964
119974|119970
119975|119969
119976|119968
119977|119966
119978|119966
119979|119966
119980|119966
119981|119968
119982|119969
120354|120353
120355|120353
120356|120355
120358|120357
120360|120353
120361|120355
120362|120357
120363|120357
120364|120357
120366|120353
120367|120355
120368|120363
120369|120363
120374|120372
120375|120372
120377|120375
120378|120372
120379|120375
120380|120372
120382|120375
121322|121319
121324|121319
121327|121319
121330|121319
121331|121328
121333|121326
121334|121326
121335|121328
121654|121652
121656|121652
121658|121652
121659|121657
121660|121659
121661|121659
121662|121656
121663|121659
121664|121659
121665|121659
121801|121800
121802|121800
121803|121800
121805|121800
121806|121800
121807|121800
121810|121808
121933|121932
121937|121932
121938|121932
121939|121936
121940|121937
121941|121940
121942|121937
121944|121935
122113|122111
122259|122258
122260|122258
122261|122258
122262|122261
122263|122258
122264|122261
122265|122257
122266|122257
122267|122266
122269|122257
122270|122257
122272|122261
122273|122258
122277|122276
122279|122276
122280|122276
122281|122276
122283|122276
122284|122276
122285|122276
122287|122276
122290|122276
122292|122280
122293|122280
122547|122546
122548|122547
122549|122547
122550|122547
122552|122546
122554|122546
122555|122547
122556|122547
122930|122929
122932|122929
122933|122931
122935|122931
122936|122931
122937|122934
122938|122937
122939|122929
122940|122934
122941|122940
122942|122941
122943|122931
122944|122941
122945|122942
123201|123200
123300|123299
123302|123299
123390|123389
123391|123389
123393|123390
123394|123392
123395|123389
123528|123527
123529|123527
123530|123527
123531|123526
123534|123526
123535|123526
123536|123527
123537|123534
123538|123526
123539|123526
123540|123527
123661|123660
123662|123660
123665|123660
123666|123660
123667|123660
123668|123667
123669|123665
123670|123660
123978|123977
123979|123977
123981|123979
123984|123983
123985|123983
124047|124046
124048|124046
124049|124046
124050|124046
124052|124047
124053|124049
124054|124047
124087|124086
124088|124086
124090|124086
124093|124086
124096|124092
124097|124094
124098|124086
124099|124094
124142|124141
124145|124141
124146|124145
124147|124142
124148|124142
124149|124142
124150|124142
124151|124141
124153|124141
124155|124145
124159|124157
124370|124369
124373|124369
124376|124374
124377|124374
124379|124369
124380|124374
124382|124374
124383|124369
124384|124374
124388|124387
124389|124388
124390|124389
124391|124389
124392|124389
124394|124389
124395|124387
124396|124388
124397|124395
124398|124387
124420|124417
124421|124417
124424|124423
124425|124417
124428|124417
124430|124429
124431|124427
124432|124430
124433|124427
124666|124665
124667|124665
124668|124665
124669|124665
124670|124668
124671|124668
124672|124668
124674|124668
124675|124665
124676|124672
124677|124668
124678|124672
124679|124668
124681|124677
124682|124677
124683|124676
124999|124998
125002|124998
125003|124998
125004|124998
125006|124998
125008|125004
125009|125004
125010|125004
125012|124998
125013|125012
125014|125004
125015|125007
125016|124998
125017|125007
125084|125083
125088|125083
125089|125083
125090|125089
125091|125090
125092|125088
125093|125087
125094|125093
125095|125091
125096|125087
125402|125401
125406|125401
125407|125401
125409|125401
125411|125401
125493|125492
125494|125492
125495|125492
125496|125492
125498|125494
125499|125492
125500|125493
125656|125655
125657|125655
125658|125655
125659|125655
125661|125655
125663|125655
125664|125661
125666|125661
125669|125655
125901|125900
125902|125900
125903|125900
125904|125900
125907|125900
125908|125907
125909|125907
125910|125900
125911|125907
125912|125900
126208|126207
126210|126207
126211|126210
126212|126210
126213|126210
126214|126207
126251|126250
126253|126250
126256|126250
126257|126255
126258|126254
126259|126250
126260|126250
126261|126259
126262|126255
126732|126731
126733|126731
126736|126731
126739|126731
126740|126731
126742|126739
126743|126737
126744|126743
126746|126739
126747|126737
126748|126737
126837|126834
126839|126834
126842|126834
126844|126834
126845|126834
126846|126834
126849|126834
126850|126849
126851|126847
126852|126834
126968|126967
126969|126967
126972|126967
126973|126968
126974|126973
126975|126974
126977|126971
126978|126971
126979|126973
126980|126973
127093|127092
127094|127092
127096|127092
127098|127092
127099|127092
127102|127099
127103|127099
127105|127099
127106|127092
127107|127092
127144|127141
127146|127145
127148|127141
127149|127145
127150|127145
127151|127145
127262|127261
127263|127261
127265|127261
127266|127261
127270|127261
127968|127967
127969|127967
127972|127966
128441|128439
128442|128439
128444|128443
128445|128443
128446|128443
128447|128439
129012|129011
129015|129011
129016|129013
129017|129015
129021|129017
129510|129508
129514|129510
129515|129508
129516|129508
129517|129508
129518|129510
129591|129589
129593|129590
129594|129591
129595|129589
129596|129589
129597|129592
129598|129592
129599|129592
129600|129589
129601|129589
129849|129847
129852|129847
129853|129850
129854|129847
129856|129852
129857|129850
129961|129960
129962|129960
129964|129963
129966|129963
129968|129960
129970|129960
129971|129963
129972|129960
130024|130023
130025|130023
130029|130023
130031|130023
130032|130023
130376|130375
130379|130372
130380|130372
130382|130375
130383|130372
130384|130372
130385|130375
130387|130380
130406|130405
130408|130405
130409|130405
130410|130407
130413|130405
130414|130405
130416|130411
130417|130405
130418|130407
130596|130595
130599|130595
130600|130595
130601|130595
130604|130595
130605|130595
130607|130606
130608|130606
130610|130606
130611|130608
130612|130608
130801|130799
130802|130800
130803|130799
130804|130800
130805|130799
130806|130800
130808|130800
130809|130800
130926|130924
130929|130924
130930|130926
130932|130928
130933|130924
131280|131278
131283|131278
131285|131278
131286|131278
131288|131282
131289|131288
131290|131278
131293|131288
131294|131288
131295|131290
131296|131290
131297|131282
131659|131658
131662|131658
131664|131658
131666|131658
131914|131913
131917|131916
131918|131913
131919|131918
131921|131916
131922|131912
132010|132009
132063|132062
132067|132066
132284|132283
132286|132283
132287|132285
132289|132285
134371|134370
134372|134368
134373|134370
134374|134370
134835|134834
134836|134835
134838|134835
134841|134835
134842|134835
135078|135077
135081|135078
135082|135077
135084|135077
135085|135077
135089|135087
135090|135089
135091|135089
135095|135087
135096|135087
135097|135089
135098|135087
135099|135087
135138|135137
135139|135137
135141|135137
135143|135137
135144|135137
135147|135143
135148|135137
135149|135137
135150|135146
135152|135143
135153|135144
135154|135143
135155|135137
135156|135146
135201|135199
136418|136416
136419|136416
136420|136416
136421|136416
136423|136421
136424|136421
136425|136416
136426|136424
136427|136421
136428|136416
136431|136430
136432|136421
136736|136735
136737|136735
136738|136737
136739|136737
136740|136735
136741|136735
136742|136735
136743|136735
136744|136743
136796|136793
136797|136795
136799|136795
136800|136799
136801|136793
136802|136799
136803|136793
136887|136885
136888|136880
136890|136885
136891|136885
136892|136891
136893|136880
136894|136882
136896|136882
136897|136880
136898|136886
137030|137029
137031|137029
137033|137029
137035|137029
137037|137034
137039|137029
137040|137039
137041|137029
137042|137034
137043|137040
137044|137040
137045|137040
137046|137044
137252|137250
137253|137250
137254|137251
137255|137251
137256|137255
137258|137251
137259|137255
137260|137251
137261|137255
137262|137255
137263|137251
137264|137255
137265|137263
137266|137251
137288|137287
137289|137287
137290|137289
137291|137287
137293|137287
137294|137287
137295|137289
137296|137295
137297|137289
137298|137287
137299|137297
137301|137287
137302|137297
137402|137401
137403|137401
137404|137401
137435|137434
137439|137438
137497|137496
137498|137497
137501|137500
137502|137500
137503|137496
137504|137500
137505|137501
137507|137500
137508|137496
137509|137500
137802|137799
137803|137799
137804|137803
137805|137799
138000|137999
138003|137996
138004|138001
138006|137996
138139|138136
138140|138136
138141|138136
138142|138141
138143|138136
138144|138140
138146|138144
138147|138141
138148|138147
138149|138148
138150|138141
138151|138150
138152|138149
138153|138141
138154|138140
138155|138136
138252|138250
138253|138250
138254|138252
138256|138253
138257|138250
138258|138255
138259|138250
138260|138250
138261|138251
138263|138260
138264|138252
138266|138251
138267|138250
138268|138265
138342|138341
138344|138341
138345|138341
138348|138341
138349|138345
138351|138347
138352|138350
138353|138345
138363|138362
138364|138362
138499|138497
138501|138497
138502|138497
138503|138498
138504|138497
138505|138497
138506|138504
138508|138497
138509|138497
138510|138497
138511|138497
138512|138497
138513|138498
138541|138540
138543|138540
138545|138540
138547|138540
138548|138540
138549|138544
138550|138540
138552|138551
138621|138617
138622|138617
138623|138620
138624|138620
138625|138616
138626|138620
138627|138617
138628|138624
138630|138624
138631|138617
138632|138625
138900|138899
138901|138899
138902|138899
138903|138901
138905|138899
138906|138904
138907|138901
138908|138899
138910|138901
138911|138899
138981|138980
138984|138981
138985|138980
138986|138980
138987|138980
138989|138980
139084|139083
139085|139083
139086|139084
139088|139084
139089|139084
139092|139083
139093|139092
139094|139092
139095|139083
139096|139090
139097|139087
139098|139096
139099|139097
139531|139530
139533|139530
139534|139528
139535|139532
139537|139528
139538|139532
139581|139580
139583|139580
139584|139583
139585|139583
139586|139583
139587|139584
139588|139583
139589|139583
139874|139873
139875|139873
139878|139876
139879|139876
139880|139876
139881|139876
139882|139881
139883|139873
140194|140188
140195|140188
140203|140202
140204|140203
140205|140202
140206|140205
140207|140202
140208|140203
140209|140205
140210|140203
140211|140202
140212|140206
140213|140210
140214|140202
140215|140202
140216|140210
140217|140207
140218|140203
140607|140606
141000|140999
141001|140999
141002|141001
141005|140999
141006|140999
141007|141001
141009|141001
141010|141006
141011|140999
141128|141127
141129|141127
141131|141126
141133|141132
141134|141133
141135|141126
141136|141127
141137|141132
141139|141132
141140|141128
141142|141128
141294|141293
141296|141293
141299|141293
141300|141293
142046|142043
142083|142082
142084|142082
142086|142085
142087|142085
142088|142082
142290|142289
142291|142289
142292|142289
142293|142289
142294|142289
142295|142293
142296|142289
142406|142404
142407|142404
142410|142404
142411|142409
142412|142409
142413|142409
142640|142639
142643|142639
142644|142642
142645|142641
142646|142641
142648|142641
142649|142639
142807|142806
142808|142806
142810|142806
142812|142806
142851|142850
142853|142851
142857|142854
142858|142850
142859|142851
142860|142854
142894|142893
142895|142893
142896|142893
142897|142896
142898|142893
142899|142893
142900|142897
142901|142897
142902|142897
142903|142896
142904|142898
142905|142904
142906|142904
142907|142896
142908|142896
142909|142907
142911|142901
142912|142898
143155|143153
143156|143153
143157|143156
143159|143153
143203|143202
143204|143202
143205|143202
143207|143202
143208|143202
143209|143204
143210|143204
143211|143210
143212|143210
143214|143202
143216|143204
143272|143270
143274|143271
143276|143270
143277|143275
143278|143271
143279|143270
143280|143270
143465|143464
143466|143464
143467|143466
143468|143467
143469|143466
143470|143467
143471|143464
143473|143464
143474|143466
143475|143466
143476|143463
143477|143472
143478|143472
143479|143463
143876|143875
143877|143875
143881|143874
143883|143880
143884|143875
143886|143884
143887|143874
143888|143885
144197|144196
144200|144196
144201|144196
144202|144196
144203|144196
144204|144203
144205|144197
144206|144203
144207|144206
144208|144196
144209|144206
144210|144196
144211|144196
144423|144422
144424|144422
144426|144425
144428|144425
144429|144422
144430|144425
144431|144430
144432|144422
144433|144422
144435|144430
144436|144425
144450|144449
144451|144450
144452|144449
144453|144449
144454|144450
144455|144449
144456|144450
144457|144449
144458|144456
144459|144449
144460|144456
144461|144450
144462|144450
144463|144461
144624|144623
144625|144623
144626|144625
144627|144623
144628|144626
144629|144627
144630|144629
144632|144629
144633|144625
144634|144630
144635|144630
144638|144626
144639|144629
144640|144630
145136|145135
145140|145135
145141|145135
145142|145140
145143|145141
145144|145143
145145|145143
145146|145140
145665|145664
145666|145664
145667|145665
145668|145665
145669|145668
145671|145667
145672|145664
145673|145671
145674|145664
145675|145666
145676|145668
145677|145675
145779|145778
145780|145778
145781|145780
145783|145780
145784|145778
145786|145784
145787|145780
145788|145778
145789|145787
145790|145787
145987|145985
145990|145986
145991|145986
145992|145988
145993|145988
145995|145988
145997|145986
145998|145996
145999|145988
146000|145986
146001|145997
146002|145997
146123|146122
146124|146122
146128|146122
146130|146128
146131|146122
146132|146122
146133|146128
146134|146122
146136|146122
146137|146128
146138|146137
146139|146137
146140|146137
146141|146128
146185|146183
146186|146182
146187|146184
146190|146182
146191|146184
147026|147025
147308|147307
147309|147306
147310|147306
147311|147307
147312|147307
147313|147307
147314|147312
147404|147401
147407|147401
147408|147401
147409|147405
147410|147409
147412|147404
147413|147409
147414|147411
147415|147404
147416|147411
147417|147405
147418|147412
147582|147579
147583|147580
147585|147580
147587|147584
147588|147586
147589|147588
147590|147580
147591|147588
147592|147579
147952|147951
147953|147951
147954|147951
147957|147956
147958|147951
147959|147956
147960|147951
147961|147951
148005|148004
148007|148004
148008|148004
148009|148007
148011|148006
148013|148004
148014|148013
148375|148374
148376|148374
148377|148374
148378|148374
148379|148374
148380|148374
148381|148378
148382|148378
148383|148378
148504|148502
148505|148502
148506|148504
148507|148504
148508|148502
148509|148504
148510|148507
148511|148507
148512|148510
148513|148504
148656|148653
148658|148653
148659|148653
148661|148653
148662|148660
148663|148653
148664|148662
148666|148663
148667|148659
148668|148662
148669|148660
148683|148681
148685|148681
148686|148681
148687|148681
148688|148681
148690|148681
148692|148688
148693|148688
148694|148688
148697|148688
148698|148681
148916|148915
148917|148915
148918|148915
148919|148915
148920|148915
148922|148915
148923|148915
148925|148915
148926|148924
148927|148915
148928|148927
148929|148915
149548|149547
149554|149547
149556|149554
149557|149555
149560|149554
150120|150119
150692|150690
150693|150690
150694|150690
150696|150695
150908|150906
150925|150924
150926|150924
150928|150924
150929|150927
150930|150924
150931|150926
150932|150930
150933|150926
150934|150927
150936|150925
150937|150924
151225|151224
151226|151223
151483|151482
151484|151482
151488|151482
151490|151482
151491|151488
151492|151482
151494|151482
151495|151488
152311|152310
152312|152310
152313|152310
152315|152310
152317|152315
152318|152316
152319|152315
152320|152316
152321|152310
152323|152315
152324|152315
152594|152593
152595|152593
152597|152593
152598|152596
152599|152598
152600|152593
152601|152600
152603|152597
152607|152605
152609|152606
152612|152608
152613|152608
152614|152609
152615|152613
152616|152605
152808|152806
152809|152806
152810|152806
152813|152806
152898|152897
152899|152897
152900|152897
152901|152897
152902|152901
152903|152899
152904|152897
152971|152970
152974|152973
152975|152973
152976|152970
152977|152970
152978|152973
152980|152973
152981|152970
152982|152970
153236|153234
153238|153235
153239|153235
153240|153235
153241|153240
153242|153240
153243|153242
153244|153235
153245|153242
153246|153239
153247|153235
153248|153246
153249|153240
153975|153973
153977|153974
153978|153974
153979|153973
153981|153979
153982|153975
153983|153974
153984|153974
153985|153980
153986|153979
153987|153980
153988|153983
153989|153983
153990|153973
154199|154197
154201|154197
154202|154200
154204|154201
154206|154201
154207|154203
154208|154201
154210|154199
154212|154200
154213|154200
154488|154487
154489|154487
154492|154487
154493|154487
154494|154487
154495|154493
154496|154487
154497|154487
154498|154493
154499|154496
154740|154737
154742|154737
154744|154737
154745|154739
154746|154739
154747|154737
154748|154745
154750|154737
154751|154745
154752|154751
154753|154737
154754|154750
154755|154751
154805|154804
154808|154806
154809|154804
154810|154806
154813|154804
154814|154806
154815|154804
154816|154806
154817|154814
154818|154806
154819|154816
154820|154804
155109|155108
155112|155108
155113|155108
155115|155110
155117|155108
155120|155110
155121|155110
155123|155108
155124|155108
155126|155108
155170|155168
155171|155169
155172|155169
155174|155169
155175|155168
155176|155168
155178|155168
155421|155419
155425|155422
155426|155419
155428|155422
155429|155419
155430|155419
155431|155419
155432|155431
155433|155422
155434|155432
155552|155548
155553|155548
155658|155655
155659|155655
155660|155655
155818|155816
155821|155816
155833|155831
155834|155832
155836|155835
155837|155835
155865|155864
155867|155863
155868|155864
155869|155867
156504|156503
156505|156503
156508|156503
156509|156506
156510|156503
156511|156506
156513|156503
156514|156506
156515|156503
156516|156506
156517|156506
156518|156506
156613|156608
156614|156609
156801|156799
156802|156799
156994|156991
156996|156993
156997|156991
157167|157166
157169|157166
157192|157189
157202|157201
157203|157201
157204|157201
157205|157201
157206|157205
157317|157316
157318|157315
157320|157315
157321|157316
157322|157316
157323|157321
157324|157315
157628|157626
157629|157626
157630|157626
157631|157626
157633|157626
157634|157632
157635|157632
157833|157832
157835|157832
157836|157832
157837|157832
157838|157832
157841|157839
157842|157840
157843|157839
157844|157840
157846|157839
157848|157838
157849|157839
157850|157832
157943|157942
157944|157942
157945|157942
157948|157947
158021|158020
158023|158021
158024|158022
158025|158022
158026|158022
158027|158018
158387|158386
158389|158388
158390|158386
158391|158386
158392|158389
158393|158386
158398|158393
158399|158386
158400|158386
158401|158388
158402|158400
158589|158588
158591|158588
158592|158588
158594|158592
158595|158588
158597|158588
158598|158588
158599|158590
158600|158590
158602|158598
158603|158600
158616|158615
158617|158615
158618|158615
158620|158616
158621|158616
158622|158619
158623|158615
158624|158619
158625|158618
158626|158619
158627|158619
158628|158616
158629|158615
158630|158616
158640|158639
158642|158638
158643|158641
158644|158639
158645|158639
158646|158641
158647|158638
158648|158641
158649|158643
158650|158639
158651|158639
158652|158643
158653|158642
158654|158641
158655|158642
158656|158639
158790|158789
158791|158789
158793|158792
158794|158793
158795|158792
158798|158790
158799|158796
158800|158793
158801|158793
159528|159526
159530|159529
159531|159526
159533|159529
159534|159532
159535|159526
159536|159530
159537|159529
159538|159526
159540|159530
159541|159532
159542|159530
159543|159526
159570|159569
159571|159569
159572|159569
159573|159571
159574|159571
159575|159569
159576|159571
159577|159569
159578|159571
159579|159569
159580|159575
159581|159578
159582|159575
159584|159574
159775|159774
159777|159774
159778|159774
159780|159778
159782|159774
159783|159777
159784|159783
159785|159779
159786|159777
159787|159786
159788|159779
159789|159779
160211|160210
160215|160210
160216|160210
160218|160210
160219|160210
160220|160210
160474|160471
160476|160475
160477|160475
160644|160642
160645|160642
160648|160642
160649|160642
160650|160649
160651|160646
160652|160649
160654|160650
160729|160727
160731|160727
160735|160727
160736|160727
160737|160727
160738|160727
160741|160727
160742|160727
160743|160737
160744|160739
160745|160737
160746|160727
160810|160808
160811|160808
160814|160808
160816|160814
160817|160814
160818|160817
160819|160817
160832|160831
160833|160831
160834|160831
160836|160831
160838|160834
160840|160831
160987|160985
160988|160985
161056|161054
161057|161054
161058|161054
161059|161056
161060|161054
161062|161057
161063|161056
161064|161062
161065|161057
161066|161056
161067|161064
161069|161057
161070|161062
161071|161057
161341|161337
161344|161337
161345|161342
161346|161337
161348|161337
161349|161337
161350|161348
161351|161345
162333|162332
162335|162332
162337|162332
162338|162332
162339|162332
162345|162332
162346|162340
162363|162362
162364|162362
162366|162362
162367|162366
162368|162365
162369|162365
162370|162366
162371|162362
162372|162370
162373|162362
162374|162373
162660|162659
162662|162659
162665|162659
162668|162659
162669|162659
162671|162659
162672|162663
162673|162672
162674|162672
162675|162659
162676|162672
162678|162659
162731|162730
162733|162730
162734|162730
162735|162733
162736|162733
162737|162736
162738|162733
162739|162736
162740|162733
162741|162739
162742|162739
162743|162739
162745|162730
162746|162730
162747|162733
162748|162733
162839|162838
162842|162838
162843|162838
162844|162838
163118|163115
163120|163115
163121|163119
163122|163119
163123|163118
163124|163118
163320|163317
163327|163326
163328|163324
163329|163328
163751|163749
163752|163751
163753|163751
163754|163751
163755|163751
163894|163893
163895|163893
163902|163898
163903|163893
163904|163898
163906|163905
163909|163902
163910|163893
163911|163905
163912|163907
164015|164013
164016|164013
164017|164013
164019|164013
164022|164013
164025|164019
164026|164019
164027|164024
164028|164013
164032|164013
164041|164039
164042|164039
164043|164042
164045|164044
164046|164039
164047|164044
164048|164047
164049|164039
164050|164044
164051|164049
164052|164044
164053|164048
164054|164049
164208|164207
164209|164207
164210|164207
164211|164208
164212|164207
164213|164208
164214|164213
164215|164213
164218|164207
164504|164501
164506|164501
164608|164605
164612|164605
164613|164608
164614|164608
164615|164614
164616|164605
164617|164614
164619|164608
164620|164610
164621|164605
164623|164610
164624|164608
164703|164702
164704|164702
164706|164705
164708|164704
164709|164704
164710|164709
164711|164704
164712|164702
164713|164705
164775|164774
164776|164775
164777|164774
164778|164777
164779|164777
164780|164777
164781|164774
164782|164780
164784|164775
165007|165006
165009|165007
165010|165006
165011|165010
165012|165010
165028|165027
165031|165027
165254|165252
165256|165255
165257|165253
165259|165256
165260|165258
165261|165252
165262|165258
165263|165252
165264|165256
165265|165258
165266|165258
165267|165252
165268|165261
165269|165258
165270|165263
165359|165357
165361|165360
165362|165357
165363|165357
165364|165362
165366|165359
165367|165362
165368|165357
165369|165359
165370|165362
165877|165875
165881|165880
165882|165880
165883|165880
165884|165875
165885|165875
165886|165885
165887|165886
166015|166014
166016|166014
166019|166018
166021|166014
166430|166428
166431|166428
166432|166431
166433|166428
166434|166428
166435|166431
166436|166435
166439|166428
166440|166437
166441|166431
166524|166521
166590|166589
166592|166588
166593|166588
166594|166588
166595|166589
166596|166594
166597|166588
166598|166588
166600|166588
166816|166815
166818|166817
166819|166817
166822|166818
166823|166818
166824|166818
166825|166821
166826|166815
166827|166818
166828|166818
166829|166817
166830|166821
166873|166871
166874|166871
166875|166871
166876|166874
166877|166874
166878|166874
166879|166876
166880|166871
166881|166871
166882|166871
166883|166876
166884|166874
166992|166990
166993|166989
166994|166992
166996|166990
166998|166990
166999|166989
167000|166992
167001|166999
167002|166999
167003|166992
167004|166999
167005|166999
167006|166990
167007|166999
167745|167744
167746|167744
167747|167746
168160|168158
168162|168158
168164|168158
168166|168163
168167|168163
168170|168163
168438|168437
168440|168437
168441|168440
168443|168440
168444|168442
168445|168437
168446|168442
168447|168442
168527|168526
168528|168525
168530|168528
168532|168526
168533|168528
168534|168528
168688|168685
168689|168685
168691|168689
168692|168689
169156|169155
169157|169155
169158|169155
169159|169155
169160|169159
169379|169378
169381|169378
169383|169378
169384|169383
169385|169383
169386|169383
169387|169386
169388|169383
169390|169378
169392|169390
169393|169386
169395|169392
169694|169693
169695|169693
169697|169693
169699|169693
169702|169698
169703|169698
169704|169698
170346|170344
170347|170345
170349|170344
170350|170345
170351|170350
170353|170349
170354|170349
170360|170358
170361|170357
170362|170358
170363|170357
170366|170357
170367|170357
170368|170357
170369|170367
170370|170365
170371|170368
170372|170371
170662|170660
170663|170660
170665|170664
170667|170666
170668|170660
170670|170660
170945|170943
170946|170943
170947|170943
170948|170943
170951|170943
170952|170943
170954|170952
170957|170943
170958|170957
170959|170955
171311|171310
171312|171310
171314|171310
171316|171315
171318|171310
171320|171310
171883|171882
171884|171882
171885|171881
171886|171882
171890|171886
171891|171882
171892|171886
171893|171881
171894|171886
171896|171894
172028|172026
172030|172029
172031|172029
172032|172026
172033|172026
172034|172033
172035|172026
172036|172029
172037|172029
172038|172029
172039|172026
172040|172037
172041|172029
172153|172152
172154|172152
172157|172152
172158|172157
172159|172157
172160|172158
172161|172152
172162|172152
172164|172160
172165|172157
172166|172158
172169|172160
172374|172372
172375|172372
172376|172372
172377|172375
172378|172372
172379|172378
172380|172375
172381|172375
172382|172372
172383|172378
172432|172431
172434|172431
172435|172433
172439|172435
172441|172435
172442|172435
172443|172431
172507|172503
172508|172503
172509|172503
172511|172503
172512|172511
172513|172503
172514|172512
172515|172512
172587|172585
172589|172585
172590|172589
172591|172589
172592|172591
172593|172591
172594|172591
172597|172594
172598|172594
172599|172589
172600|172589
172807|172806
172811|172806
172812|172810
172813|172810
172816|172810
172817|172810
172818|172814
172882|172881
172883|172881
172885|172881
172886|172881
172889|172881
172890|172881
172892|172881
172894|172893
172895|172893
172933|172928
172935|172930
172936|172934
172937|172934
172938|172928
172939|172928
172940|172938
172941|172934
172943|172934
173167|173166
173168|173166
173170|173166
173171|173166
173172|173166
173173|173172
173174|173172
173175|173173
173416|173415
173418|173415
173422|173415
173423|173422
173425|173415
173620|173617
173622|173619
173624|173619
173625|173617
173626|173619
173627|173617
173652|173651
173654|173651
173658|173651
173660|173651
173663|173662
173664|173651
173666|173661
173667|173651
173668|173651
173772|173769
173773|173769
173777|173769
173995|173994
173998|173996
173999|173994
174000|173996
174001|173996
174002|173998
174003|173994
174004|173994
174005|173999
174006|173996
174007|173998
174008|173998
174009|173996
174010|173996
174011|174008
174012|174011
174065|174064
174066|174064
174067|174064
174068|174064
174069|174068
174070|174067
174071|174064
174072|174068
174073|174071
174074|174071
174075|174064
174076|174068
174077|174067
174078|174068
174161|174160
174163|174162
174164|174163
174165|174163
174166|174162
174167|174162
174169|174168
174170|174160
174171|174169
174172|174162
174173|174162
174174|174170
174175|174160
174176|174163
174297|174295
174299|174295
174302|174296
174304|174295
174305|174295
174339|174338
174340|174338
174342|174340
174343|174342
174344|174340
174345|174344
174346|174338
174347|174338
174348|174340
174349|174346
174350|174344
174351|174338
174352|174346
174353|174349
174354|174346
174624|174622
174627|174625
174628|174622
174629|174621
174630|174622
174631|174621
174633|174625
174634|174628
174635|174621
174636|174628
174637|174628
174800|174799
174801|174799
174802|174797
174803|174799
174804|174799
174806|174797
174920|174919
174922|174919
174923|174919
174925|174924
174926|174924
174927|174919
174928|174919
174929|174924
175562|175561
175564|175561
175566|175565
175567|175565
175568|175561
175569|175565
175570|175566
175571|175568
175572|175571
175574|175565
175685|175683
175687|175683
175688|175683
175689|175684
175690|175684
175691|175690
175692|175691
175694|175690
176028|176026
176031|176027
176032|176028
176033|176028
176034|176033
176035|176027
176052|176051
176053|176049
176054|176051
176055|176051
176676|176673
176677|176673
176678|176677
176679|176673
176680|176673
176681|176677
177193|177192
177304|177300
177305|177302
177306|177300
177307|177302
177516|177515
177517|177515
177518|177517
177520|177517
177522|177517
177523|177517
177524|177517
177525|177515
177526|177515
178798|178797
178800|178797
178802|178797
178803|178797
178804|178802
178805|178797
178806|178802
178807|178802
178811|178802
178812|178811
178814|178807
178815|178807
178863|178862
178864|178862
178865|178862
178866|178862
178867|178862
178868|178867
178869|178867
178872|178862
178873|178862
178874|178873
178875|178868
178876|178862
178877|178868
178979|178977
178980|178977
178981|178977
178982|178977
178983|178977
178984|178983
178986|178977
178987|178983
178988|178987
178989|178984
178990|178988
178991|178983
178992|178987
178993|178990
178994|178983
178995|178983
179114|179113
179115|179112
179116|179113
179117|179112
179118|179113
179119|179115
179120|179115
179121|179112
179122|179115
179123|179113
179124|179112
179125|179113
179126|179113
179127|179112
179128|179120
179129|179122
179717|179716
179718|179716
179719|179716
179721|179716
179723|179716
179724|179716
179725|179718
179726|179725
179727|179716
179728|179718
179745|179744
179746|179744
179747|179744
179748|179744
179749|179744
179750|179747
179752|179747
179753|179747
179754|179747
179755|179753
179756|179754
179757|179744
179758|179744
179759|179754
179760|179753
179761|179757
179919|179918
179920|179918
179921|179918
179922|179921
179924|179918
179925|179917
179926|179918
179928|179926
179932|179918
180210|180209
180211|180209
180212|180209
180214|180209
180342|180341
180343|180341
180344|180341
180346|180345
180347|180346
180348|180346
180349|180345
180350|180346
180351|180345
180652|180650
180657|180650
180669|180666
180670|180669
180672|180666
180674|180671
180676|180669
180677|180669
180678|180673
180730|180729
180731|180729
180732|180729
180733|180729
180734|180729
180735|180729
180957|180956
180958|180954
180959|180958
180960|180958
180962|180960
180963|180954
180965|180960
180966|180954
181366|181364
181367|181362
181368|181364
181442|181440
181443|181440
181444|181440
181445|181440
181555|181552
181598|181597
181600|181597
181601|181600
181602|181596
181603|181600
181604|181596
181605|181597
181606|181600
181607|181596
181608|181607
181609|181600
181611|181597
181612|181600
181613|181600
181741|181739
181742|181739
181744|181739
181745|181739
181840|181839
181842|181841
181843|181841
181844|181837
181845|181837
181846|181843
181847|181837
181849|181841
181850|181848
181851|181841
181852|181850
181895|181894
181897|181894
181898|181894
181900|181894
181901|181894
181902|181897
181903|181895
181904|181894
181905|181897
181993|181992
181995|181992
181996|181992
181999|181992
182000|181992
182001|181999
182002|181998
182003|181998
182004|182000
182005|181999
182007|182000
182008|181998
182009|181999
182131|182130
182132|182130
182133|182131
182134|182131
182137|182135
182139|182135
182140|182131
182393|182392
182397|182392
182398|182392
182399|182392
182400|182397
182401|182392
182402|182392
182403|182392
182404|182399
182405|182402
182406|182397
182408|182403
182783|182782
182787|182782
182791|182790
182792|182782
182794|182790
182795|182782
182985|182984
182986|182984
182987|182984
182988|182987
182989|182987
182990|182984
182991|182990
182992|182984
182993|182987
182994|182987
182995|182987
182996|182990
183114|183113
183116|183115
183117|183113
183118|183115
183119|183115
183166|183165
183167|183166
183168|183164
183170|183164
183171|183164
183172|183169
183173|183169
183174|183169
183175|183164
183374|183373
183376|183373
183377|183373
183378|183377
183380|183373
183381|183373
183382|183377
183679|183676
183808|183805
183809|183805
183811|183809
183812|183805
183813|183810
183815|183805
183816|183806
183817|183806
183819|183809
183820|183806
183877|183875
183878|183876
183879|183876
183880|183875
183881|183875
183883|183880
183884|183883
183976|183973
183978|183973
183979|183973
183980|183977
183981|183977
183982|183978
183983|183977
184082|184080
184083|184082
184084|184082
184086|184082
184087|184082
184088|184083
184089|184082
184090|184088
184091|184083
184092|184083
184093|184083
184094|184088
184095|184082
184463|184462
184464|184462
184466|184462
184467|184462
184468|184463
184470|184467
184471|184463
184472|184462
184473|184463
184475|184465
184476|184462
184739|184738
184740|184738
184742|184739
184743|184739
184744|184738
184745|184739
184746|184738
184747|184736
184748|184738
184749|184739
184750|184736
184986|184984
184987|184984
184989|184984
184990|184984
184992|184991
184994|184991
184997|184984
184999|184991
185084|185083
185086|185083
185087|185084
185088|185084
185089|185087
185090|185088
185092|185087
185093|185088
185094|185083
185095|185088
185096|185088
185253|185252
185255|185252
185257|185253
185334|185332
185335|185332
185336|185332
186122|186121
186127|186121
186128|186121
186129|186121
186130|186127
186163|186162
186164|186162
186167|186162
186169|186167
186170|186167
186171|186167
186172|186168
186173|186167
186174|186162
186175|186167
186176|186172
186177|186167
186179|186167
186180|186175
186859|186857
186860|186859
186861|186859
186862|186861
186863|186859
186864|186863
186865|186859
186866|186857
187012|187011
187013|187012
187014|187013
187015|187013
187017|187013
187018|187012
187019|187011
187022|187011
187023|187012
187024|187012
187025|187013
187026|187013
187027|187013
187401|187400
187402|187400
187403|187400
187405|187404
187407|187400
187408|187403
187409|187404
187711|187710
187714|187710
187715|187710
187716|187715
187717|187716
187718|187717
187719|187715
187720|187717
187721|187710
187722|187715
187723|187715
187724|187717
187972|187966
187974|187966
187975|187966
187976|187974
188177|188176
188178|188177
188181|188179
188182|188177
188183|188177
188184|188179
188185|188176
188186|188179
188187|188185
188188|188185
188189|188188
188190|188179
188191|188176
188192|188186
188716|188712
188718|188712
188720|188712
188721|188718
188722|188712
188723|188719
188724|188719
188746|188745
188749|188745
188750|188745
188752|188750
188753|188751
189230|189229
189232|189229
189233|189232
189234|189233
189236|189232
189488|189487
189489|189487
189491|189488
189492|189490
190349|190347
190352|190350
190353|190350
190354|190350
