Tag_id|TagClass_id
23238|15214
23242|15217
23505|15214
23679|15246
23685|15214
23692|15214
23782|15217
23783|15217
23788|15214
23793|15217
23815|15217
23865|15217
23933|15217
23981|15248
23985|15217
23992|15217
24011|15248
24067|15248
24140|15217
24199|15217
24221|15214
24222|15217
24223|15217
24269|15214
24275|15214
24321|15214
24327|15214
24398|15214
24400|15217
24406|15214
24410|15248
24413|15248
24420|15248
24421|15248
24424|15214
24426|15248
24427|15217
24429|15248
24434|15248
24435|15214
24441|15214
24444|15248
24454|15248
24455|15214
24465|15248
24466|15214
24468|15248
24469|15248
24472|15248
24473|15248
24486|15217
24487|15214
24492|15248
24495|15248
24496|15248
24499|15248
24508|15248
24510|15248
24511|15248
24512|15248
24516|15248
24518|15248
24519|15248
24521|15248
24538|15248
24539|15248
24545|15248
24547|15248
24553|15248
24567|15217
24569|15248
24570|15248
24578|15248
24584|15248
24586|15248
24593|15248
24595|15248
24604|15248
24651|15214
24680|15214
24749|15214
24758|15214
24781|15248
24807|15214
24829|15217
24902|15214
25014|15217
25030|15248
25047|15217
25080|15217
25176|15217
25181|15217
25314|15217
25363|15248
25418|15217
25449|15248
25576|15258
25638|15246
25641|15217
25654|15248
25691|15258
25795|15217
25827|15258
26002|15248
26056|15258
26394|15246
26497|15246
26536|15246
26540|15246
26550|15246
26581|15246
26594|15246
26627|15246
26674|15258
26703|15246
26797|15246
26811|15258
26817|15258
26823|15246
26916|15246
26936|15246
26991|15258
27027|15246
27031|15246
27045|15258
27064|15246
27130|15246
27139|15246
27165|15246
27166|15246
27205|15246
27222|15246
27242|15246
27301|15258
27307|15246
27350|15246
27498|15246
27549|15246
27553|15258
27585|15246
27625|15246
27653|15246
27700|15246
27744|15258
27763|15246
27790|15246
27841|15246
27850|15246
27887|15246
27912|15246
27951|15246
28109|15270
28110|15270
28112|15270
28116|15270
28117|15270
28120|15270
28125|15270
28129|15270
28132|15270
28134|15270
28136|15270
28137|15270
28141|15270
28149|15270
28150|15270
28151|15270
28152|15270
28154|15270
28160|15270
28161|15270
28162|15270
28163|15270
28164|15270
28165|15270
28166|15270
28167|15270
28169|15270
28170|15270
28171|15270
28173|15270
28175|15270
28176|15270
28177|15270
28178|15270
28179|15270
28180|15270
28181|15270
28182|15270
28183|15270
28184|15270
28185|15270
28186|15270
28187|15270
28188|15270
28189|15270
28190|15270
28191|15270
28192|15270
28193|15270
28194|15270
28195|15270
28196|15270
28198|15270
28200|15270
28201|15270
28202|15270
28203|15270
28204|15270
28206|15270
28207|15270
28208|15270
28209|15270
28210|15270
28211|15270
28212|15270
28213|15270
28214|15270
28215|15270
28216|15270
28217|15270
28219|15270
28220|15270
28221|15270
28223|15270
28225|15270
28231|15270
28233|15270
28234|15270
28237|15270
28238|15270
28239|15270
28240|15270
28241|15270
28242|15270
28243|15270
28244|15270
28246|15270
28247|15270
28248|15270
28249|15270
28250|15270
28251|15270
28253|15270
28254|15270
28255|15270
28256|15270
28257|15270
28258|15270
28260|15270
28261|15270
28262|15270
28263|15270
28264|15270
28265|15270
28266|15270
28267|15270
28268|15270
28269|15270
28270|15270
28271|15270
28272|15270
28273|15270
28274|15270
28275|15270
28276|15270
28277|15270
28278|15270
28279|15270
28281|15270
28282|15270
28283|15270
28284|15270
28285|15270
28286|15270
28287|15270
28288|15270
28289|15270
28305|15270
28308|15270
28317|15270
28320|15270
28324|15270
28334|15270
28346|15270
28347|15270
28357|15270
28359|15270
28360|15270
28364|15270
28366|15270
28370|15270
28375|15270
28379|15270
28386|15270
28396|15270
28402|15270
28408|15270
28409|15270
28411|15270
28413|15270
28414|15270
28415|15270
28418|15270
28427|15214
28431|15270
28435|15270
28440|15270
28442|15270
28446|15270
28448|15270
28449|15270
28450|15270
28451|15270
28453|15270
28455|15270
28456|15270
28461|15270
28463|15270
28464|15270
28465|15270
28467|15270
28472|15270
28473|15270
28476|15270
28477|15270
28479|15270
28480|15270
28483|15270
28487|15270
28489|15270
28492|15270
28493|15270
28495|15270
28496|15270
28499|15270
28500|15270
28501|15270
28503|15270
28504|15270
28506|15270
28508|15270
28509|15270
28510|15270
28512|15270
28514|15270
28517|15270
28519|15270
28520|15270
28521|15270
28522|15270
28524|15270
28525|15270
28526|15270
28527|15270
28531|15270
28534|15270
28535|15270
28537|15270
28538|15270
28542|15270
28544|15270
28545|15270
28551|15270
28555|15270
28565|15270
28566|15270
28567|15270
28568|15270
28572|15270
28578|15270
28581|15270
28584|15270
28587|15270
28588|15270
28590|15270
28591|15270
28592|15270
28594|15270
28595|15270
28596|15270
28597|15270
28600|15270
28604|15270
28608|15270
28613|15270
28614|15270
28615|15270
28616|15270
28618|15270
28620|15270
28624|15270
28625|15270
28627|15270
28631|15270
28633|15270
28635|15270
28636|15270
28637|15270
28638|15270
28639|15270
28641|15270
28642|15270
28643|15270
28644|15270
28645|15270
28649|15270
28651|15270
28652|15270
28656|15270
28657|15270
28658|15270
28659|15270
28660|15270
28661|15270
28662|15270
28663|15270
28665|15270
28666|15270
28667|15270
28668|15270
28669|15270
28670|15270
28671|15270
28673|15270
28675|15270
28677|15270
28679|15270
28680|15270
28682|15270
28684|15270
28685|15270
28686|15270
28687|15270
28688|15270
28692|15270
28693|15270
28694|15270
28697|15270
28698|15270
28699|15270
28700|15270
28701|15270
28702|15270
28703|15270
28704|15270
28705|15270
28706|15270
28709|15270
28710|15270
28711|15270
28713|15270
28715|15270
28717|15270
28718|15270
28723|15270
28724|15270
28726|15270
28727|15270
28728|15270
28729|15270
28732|15270
28733|15270
28736|15270
28737|15270
28738|15270
28740|15270
28742|15270
28743|15270
28744|15270
28745|15270
28746|15270
28747|15270
28750|15270
28754|15270
28755|15270
28757|15270
28758|15270
28759|15270
28760|15270
28762|15270
28764|15270
28765|15270
28768|15270
28769|15270
28770|15270
28772|15270
28773|15270
28774|15270
28775|15270
28777|15270
28778|15270
28779|15270
28783|15270
28784|15270
28787|15270
28788|15270
28790|15270
28792|15270
28793|15270
28794|15270
28797|15270
28798|15270
28799|15270
28800|15270
28801|15270
28802|15270
28803|15270
28804|15270
28806|15270
28807|15270
28810|15270
28814|15270
28818|15270
28820|15270
28821|15270
28822|15270
28823|15270
28824|15270
28825|15270
28826|15270
28828|15270
28831|15270
28840|15270
28841|15270
28842|15270
28848|15270
28850|15270
28855|15270
28861|15270
28862|15270
28868|15270
28870|15270
28873|15270
28878|15270
28881|15270
28882|15270
28883|15270
28884|15270
28885|15270
28886|15270
28887|15270
28889|15270
28890|15270
28891|15270
28892|15270
28893|15270
28894|15270
28895|15270
28896|15270
28897|15270
28898|15270
28899|15270
28900|15270
28901|15270
28903|15270
28904|15270
28905|15270
28906|15270
28907|15270
28908|15270
28909|15270
28913|15270
28914|15270
28915|15270
28916|15270
28917|15270
28918|15270
28920|15270
28921|15270
28922|15270
28923|15270
28924|15270
28926|15270
28927|15270
28928|15270
28929|15270
28930|15270
28931|15270
28932|15270
28933|15270
28934|15270
28936|15270
28937|15270
28939|15270
28940|15270
28941|15270
28942|15270
28943|15270
28944|15270
28946|15270
28947|15270
28948|15270
28949|15270
28950|15270
28951|15270
28952|15270
28953|15270
28954|15270
28955|15270
28956|15270
28957|15270
28958|15270
28959|15270
28960|15270
28962|15270
28963|15270
28965|15270
28966|15270
28967|15270
28968|15270
28969|15270
28973|15270
28974|15270
28975|15270
28976|15270
28977|15270
28978|15270
28979|15270
28981|15270
28982|15270
28984|15270
28985|15270
28987|15270
28990|15270
28994|15270
28996|15270
28999|15270
29000|15270
29002|15270
29003|15270
29004|15270
29005|15270
29006|15270
29010|15270
29012|15270
29013|15270
29014|15270
29015|15270
29017|15270
29018|15270
29019|15270
29020|15270
29022|15270
29025|15270
29026|15270
29030|15270
29031|15270
29032|15270
29034|15270
29037|15270
29039|15270
29040|15270
29042|15270
29044|15270
29045|15270
29046|15270
29047|15270
29048|15270
29049|15270
29050|15270
29051|15270
29052|15270
29053|15270
29054|15270
29055|15270
29056|15270
29057|15270
29059|15270
29060|15270
29061|15270
29062|15270
29064|15270
29065|15270
29066|15270
29067|15270
29069|15270
29071|15270
29072|15270
29073|15270
29074|15270
29075|15270
29076|15270
29077|15270
29078|15270
29080|15270
29085|15270
29086|15270
29087|15270
29088|15270
29089|15270
29090|15270
29091|15270
29094|15270
29096|15270
29099|15270
29100|15270
29101|15270
29102|15270
29103|15270
29104|15270
29106|15270
29107|15270
29109|15270
29110|15270
29113|15270
29114|15270
29115|15270
29116|15270
29119|15270
29129|15270
29133|15270
29134|15270
29135|15270
29136|15270
29137|15270
29141|15270
29142|15270
29143|15270
29144|15270
29148|15270
29150|15270
29151|15270
29154|15270
29155|15270
29156|15270
29167|15270
29168|15270
29169|15270
29172|15270
29173|15270
29174|15270
29185|15270
29191|15270
29201|15270
29202|15270
29207|15270
29210|15270
29211|15270
29213|15270
29214|15270
29216|15270
29217|15270
29218|15270
29219|15270
29220|15270
29221|15270
29222|15270
29223|15270
29224|15270
29225|15270
29226|15270
29227|15270
29229|15270
29230|15270
29231|15270
29232|15270
29234|15270
29236|15270
29237|15270
29238|15270
29239|15270
29241|15270
29242|15270
29243|15270
29244|15270
29245|15270
29247|15270
29248|15270
29250|15270
29251|15270
29253|15270
29254|15270
29255|15270
29256|15270
29258|15270
29260|15270
29261|15270
29262|15270
29263|15270
29265|15270
29266|15270
29267|15270
29268|15270
29269|15270
29270|15270
29271|15270
29276|15270
29278|15270
29279|15270
29280|15270
29282|15270
29283|15270
29285|15270
29286|15270
29289|15270
29291|15270
29292|15270
29293|15270
29295|15270
29296|15270
29297|15270
29300|15270
29301|15270
29302|15270
29303|15270
29304|15270
29308|15270
29311|15270
29312|15270
29315|15270
29316|15270
29328|15270
29330|15270
29333|15270
29339|15270
29341|15270
29342|15270
29345|15270
29346|15270
29350|15270
29351|15270
29352|15270
29353|15270
29356|15270
29358|15270
29362|15270
29365|15270
29368|15270
29369|15270
29370|15270
29371|15270
29372|15270
29374|15270
29375|15270
29376|15270
29377|15270
29378|15270
29381|15270
29382|15270
29383|15270
29384|15270
29385|15270
29386|15270
29387|15270
29388|15270
29390|15270
29391|15270
29392|15270
29394|15270
29395|15270
29397|15270
29398|15270
29399|15270
29400|15270
29401|15270
29402|15270
29403|15270
29405|15270
29406|15270
29407|15270
29408|15270
29409|15270
29410|15270
29412|15270
29413|15270
29414|15270
29415|15270
29416|15270
29417|15270
29418|15270
29419|15270
29420|15270
29422|15270
29423|15270
29424|15270
29425|15270
29426|15270
29427|15270
29430|15270
29431|15270
29432|15270
29433|15270
29434|15270
29435|15270
29436|15270
29437|15270
29438|15270
29439|15270
29440|15270
29441|15270
29442|15270
29443|15270
29444|15270
29445|15270
29446|15270
29447|15270
29448|15270
29451|15270
29452|15270
29453|15270
29454|15270
29456|15270
29458|15270
29459|15270
29460|15270
29461|15270
29463|15270
29465|15270
29466|15270
29467|15270
29468|15270
29469|15270
29470|15270
29471|15270
29472|15270
29473|15270
29474|15270
29475|15270
29476|15270
29477|15270
29478|15270
29479|15270
29480|15270
29481|15270
29482|15270
29483|15270
29484|15270
29486|15270
29490|15270
29491|15270
29494|15270
29495|15270
29497|15270
29503|15270
29511|15270
29513|15270
29514|15270
29518|15270
29520|15270
29523|15270
29526|15270
29528|15270
29535|15270
29537|15270
29538|15270
29544|15270
29547|15270
29558|15270
29561|15270
29563|15270
29566|15270
29569|15270
29571|15270
29573|15270
29580|15270
29581|15270
29582|15270
29584|15270
29585|15270
29587|15270
29588|15270
29592|15270
29593|15270
29598|15270
29602|15270
29608|15270
29615|15270
29617|15270
29620|15270
29622|15270
29626|15270
29627|15270
29634|15270
29640|15214
29651|15270
29654|15217
29659|15270
29664|15270
29667|15270
29668|15270
29670|15270
29672|15270
29677|15270
29678|15270
29679|15270
29680|15270
29681|15270
29683|15270
29684|15270
29688|15270
29689|15270
29691|15270
29693|15270
29702|15270
29705|15270
29707|15270
29709|15270
29710|15270
29711|15270
29712|15270
29716|15270
29717|15270
29718|15270
29719|15270
29721|15270
29722|15270
29723|15270
29724|15270
29725|15270
29726|15270
29728|15270
29730|15270
29731|15270
29733|15270
29734|15270
29735|15270
29736|15270
29738|15270
29739|15270
29740|15270
29743|15270
29746|15270
29747|15270
29750|15270
29751|15270
29752|15270
29754|15270
29755|15270
29756|15270
29757|15270
29758|15270
29760|15270
29765|15270
29766|15270
29767|15270
29770|15270
29772|15270
29780|15270
29782|15270
29786|15270
29787|15270
29789|15270
29790|15270
29796|15270
29799|15270
29800|15270
29802|15270
29803|15270
29804|15270
29805|15270
29807|15270
29809|15270
29812|15270
29817|15270
29820|15270
29822|15270
29823|15270
29825|15270
29827|15270
29828|15270
29829|15270
29830|15270
29831|15270
29833|15270
29834|15270
29835|15270
29837|15270
29839|15270
29842|15270
29845|15270
29852|15270
29856|15270
29857|15270
29868|15270
29869|15270
29870|15270
29871|15270
29872|15270
29875|15270
29876|15270
29878|15270
29879|15270
29880|15270
29883|15270
29885|15270
29886|15270
29887|15270
29890|15270
29892|15270
29893|15270
29894|15270
29895|15270
29896|15270
29897|15270
29898|15270
29901|15270
29903|15270
29905|15270
29907|15270
29908|15270
29911|15270
29913|15270
29914|15270
29917|15270
29919|15270
29920|15270
29921|15270
29922|15270
29923|15270
29924|15270
29925|15270
29926|15270
29929|15270
29930|15270
29933|15270
29935|15270
29936|15270
29938|15270
29941|15270
29942|15270
29944|15270
29945|15270
29946|15270
29948|15270
29949|15270
29950|15270
29951|15270
29952|15270
29953|15270
29955|15270
29956|15270
29957|15270
29958|15270
29959|15270
29960|15270
29961|15270
29962|15270
29963|15270
29965|15270
29966|15270
29967|15270
29970|15270
29971|15270
29972|15270
29980|15270
29981|15270
29982|15270
29984|15270
29985|15270
29986|15270
29987|15270
29988|15270
29990|15270
29992|15270
29994|15270
29995|15270
29996|15270
29997|15270
29999|15270
30000|15270
30002|15270
30003|15270
30004|15270
30005|15270
30006|15270
30007|15270
30010|15270
30011|15270
30012|15270
30013|15270
30014|15270
30015|15270
30016|15270
30017|15270
30019|15270
30024|15270
30026|15270
30027|15270
30028|15270
30029|15270
30030|15270
30032|15270
30036|15270
30037|15270
30038|15270
30040|15270
30042|15270
30044|15270
30045|15270
30046|15270
30047|15270
30048|15270
30050|15270
30051|15270
30053|15270
30054|15270
30056|15270
30057|15270
30058|15270
30060|15270
30064|15270
30065|15270
30069|15270
30071|15270
30072|15270
30074|15270
30075|15270
30078|15270
30092|15270
30094|15270
30095|15270
30100|15270
30105|15270
30111|15270
30116|15270
30124|15270
30131|15270
30132|15270
30136|15270
30137|15270
30141|15270
30144|15270
30150|15270
30155|15270
30157|15270
30159|15270
30160|15270
30161|15270
30165|15270
30168|15270
30172|15270
30175|15270
30177|15270
30179|15270
30188|15270
30191|15270
30194|15270
30196|15270
30202|15270
30203|15270
30210|15270
30211|15270
30215|15270
30222|15270
30224|15270
30229|15214
30230|15270
30244|15270
30245|15270
30246|15270
30247|15270
30249|15270
30251|15217
30257|15270
30262|15270
30263|15270
30264|15270
30269|15258
30274|15270
30277|15270
30278|15270
30279|15270
30280|15270
30281|15270
30282|15270
30283|15270
30284|15270
30288|15270
30289|15270
30290|15270
30291|15270
30292|15270
30293|15270
30297|15270
30301|15270
30303|15270
30305|15270
30306|15270
30308|15270
30312|15270
30313|15270
30314|15270
30315|15270
30318|15270
30320|15270
30322|15270
30323|15270
30326|15270
30329|15270
30333|15270
30335|15270
30337|15270
30339|15270
30340|15270
30341|15270
30345|15270
30352|15270
30353|15270
30355|15270
30356|15270
30359|15270
30360|15270
30361|15270
30363|15270
30364|15270
30367|15270
30369|15270
30370|15270
30372|15270
30373|15270
30375|15270
30377|15270
30379|15270
30380|15270
30383|15270
30385|15270
30386|15270
30389|15270
30390|15270
30391|15270
30393|15270
30394|15270
30396|15270
30401|15270
30402|15270
30404|15270
30405|15270
30408|15270
30409|15270
30410|15270
30413|15270
30414|15270
30416|15270
30418|15270
30419|15270
30420|15270
30421|15270
30427|15270
30430|15270
30433|15270
30438|15270
30439|15270
30441|15270
30442|15270
30443|15270
30446|15270
30449|15270
30450|15270
30451|15270
30452|15270
30455|15270
30456|15270
30457|15270
30459|15270
30460|15270
30464|15270
30465|15270
30466|15270
30467|15270
30468|15270
30472|15270
30476|15270
30483|15270
30485|15270
30486|15270
30487|15270
30490|15270
30497|15270
30501|15270
30502|15270
30503|15270
30504|15270
30505|15270
30506|15270
30511|15270
30512|15270
30514|15270
30515|15270
30519|15270
30529|15270
30530|15270
30531|15270
30534|15270
30535|15270
30538|15270
30540|15270
30541|15270
30542|15270
30544|15270
30545|15270
30547|15270
30548|15270
30549|15270
30550|15270
30551|15270
30552|15270
30553|15270
30554|15270
30556|15270
30561|15270
30562|15270
30563|15270
30564|15270
30565|15270
30567|15270
30568|15270
30569|15270
30570|15270
30574|15270
30575|15270
30576|15270
30577|15270
30579|15270
30580|15270
30582|15270
30583|15270
30585|15270
30586|15270
30587|15270
30588|15270
30589|15270
30591|15270
30592|15270
30593|15270
30594|15270
30595|15270
30596|15270
30598|15270
30599|15270
30600|15270
30601|15270
30602|15270
30603|15270
30605|15270
30606|15270
30607|15270
30611|15270
30612|15270
30613|15270
30614|15270
30615|15270
30617|15270
30620|15270
30623|15270
30624|15270
30626|15270
30627|15270
30628|15270
30629|15270
30630|15270
30631|15270
30633|15270
30634|15270
30635|15270
30636|15270
30637|15270
30638|15270
30639|15270
30640|15270
30641|15270
30642|15270
30643|15270
30644|15270
30646|15270
30647|15270
30648|15270
30649|15270
30650|15270
30651|15270
30652|15270
30654|15270
30656|15270
30657|15270
30658|15270
30659|15270
30661|15270
30663|15270
30665|15270
30666|15270
30669|15270
30670|15270
30672|15270
30673|15270
30676|15270
30678|15270
30683|15270
30684|15270
30686|15270
30688|15270
30689|15270
30692|15270
30695|15270
30705|15270
30706|15270
30710|15270
30712|15270
30721|15270
30725|15270
30727|15270
30728|15270
30736|15270
30742|15270
30750|15217
30751|15270
30764|15270
30765|15270
30767|15270
30769|15270
30771|15270
30773|15270
30775|15270
30776|15270
30777|15270
30778|15270
30788|15270
30790|15270
30807|15270
30819|15270
30822|15270
30824|15270
30826|15270
30828|15270
30829|15270
30831|15270
30833|15270
30835|15270
30836|15270
30837|15270
30841|15270
30842|15270
30843|15270
30848|15270
30850|15270
30851|15270
30852|15270
30855|15270
30857|15270
30859|15270
30860|15270
30863|15270
30864|15270
30866|15270
30867|15270
30868|15270
30869|15270
30872|15270
30876|15270
30878|15270
30879|15270
30881|15270
30884|15270
30889|15270
30890|15270
30891|15270
30895|15270
30896|15270
30897|15270
30900|15270
30901|15270
30903|15270
30909|15270
30910|15270
30911|15270
30912|15270
30914|15270
30915|15270
30918|15270
30921|15270
30926|15270
30929|15270
30936|15270
30938|15270
30939|15270
30942|15270
30943|15270
30946|15270
30947|15270
30949|15270
30950|15270
30951|15270
30953|15270
30954|15270
30956|15270
30959|15270
30960|15270
30961|15270
30968|15270
30972|15270
30976|15270
30979|15270
30980|15270
30983|15270
30984|15270
30985|15270
30989|15270
30990|15270
30991|15270
30997|15270
30998|15270
30999|15270
31001|15270
31003|15270
31004|15270
31007|15270
31010|15270
31013|15270
31014|15270
31015|15270
31016|15270
31017|15270
31021|15270
31026|15270
31029|15270
31030|15270
31033|15270
31035|15270
31036|15270
31037|15270
31038|15270
31039|15270
31046|15270
31047|15270
31049|15270
31055|15270
31056|15270
31057|15270
31058|15270
31059|15270
31061|15270
31062|15270
31063|15270
31064|15270
31065|15270
31066|15270
31067|15270
31070|15270
31071|15270
31074|15270
31075|15270
31077|15270
31078|15270
31080|15270
31081|15270
31084|15270
31085|15270
31087|15270
31090|15270
31091|15270
31092|15270
31094|15270
31096|15270
31097|15270
31098|15270
31099|15270
31101|15270
31103|15270
31104|15270
31106|15270
31112|15270
31113|15270
31115|15270
31118|15270
31120|15270
31123|15270
31127|15270
31132|15270
31134|15270
31138|15270
31139|15270
31140|15270
31141|15270
31142|15270
31143|15270
31144|15270
31145|15270
31146|15270
31150|15270
31153|15270
31156|15270
31157|15270
31159|15270
31169|15270
31171|15270
31173|15270
31175|15270
31178|15270
31182|15270
31183|15270
31184|15270
31185|15270
31194|15270
31200|15270
31204|15270
31205|15270
31212|15270
31214|15270
31215|15270
31217|15270
31219|15270
31221|15270
31224|15270
31228|15270
31229|15270
31230|15270
31234|15270
31235|15270
31243|15270
31244|15270
31247|15270
31251|15270
31253|15270
31258|15270
31259|15270
31260|15270
31261|15270
31264|15270
31276|15270
31277|15270
31282|15270
31295|15270
31296|15270
31297|15270
31299|15270
31301|15270
31303|15270
31304|15270
31305|15270
31306|15270
31307|15270
31308|15270
31310|15270
31312|15270
31313|15270
31314|15270
31315|15270
31319|15270
31320|15270
31321|15270
31322|15270
31323|15270
31324|15270
31325|15270
31326|15270
31327|15270
31328|15270
31329|15270
31330|15270
31332|15270
31336|15270
31339|15270
31340|15270
31341|15270
31343|15270
31344|15270
31345|15270
31346|15270
31351|15270
31352|15270
31353|15270
31354|15270
31355|15270
31356|15270
31358|15270
31359|15270
31366|15270
31369|15270
31370|15270
31373|15270
31383|15270
31384|15270
31386|15270
31387|15270
31388|15270
31390|15270
31394|15270
31395|15270
31396|15270
31397|15270
31399|15270
31401|15270
31403|15270
31407|15270
31412|15270
31413|15270
31425|15270
31428|15270
31432|15270
31433|15270
31436|15270
31439|15270
31443|15270
31446|15270
31448|15270
31453|15270
31454|15270
31456|15270
31457|15270
31459|15270
31460|15270
31461|15270
31464|15270
31466|15270
31468|15270
31469|15270
31470|15270
31471|15270
31472|15270
31475|15270
31476|15270
31477|15270
31479|15270
31480|15270
31481|15270
31483|15270
31485|15270
31486|15270
31489|15270
31490|15270
31493|15270
31495|15270
31497|15270
31499|15270
31500|15270
31504|15270
31509|15270
31515|15270
31516|15270
31518|15270
31520|15270
31524|15270
31527|15270
31530|15270
31532|15270
31533|15270
31534|15270
31535|15270
31536|15270
31540|15270
31543|15270
31544|15270
31549|15270
31555|15270
31557|15270
31560|15270
31564|15270
31565|15270
31575|15270
31586|15270
31589|15270
31592|15270
31594|15270
31598|15270
31604|15270
31605|15270
31613|15270
31614|15270
31616|15270
31619|15270
31623|15270
31625|15270
31628|15270
31633|15270
31636|15270
31639|15270
31643|15270
31647|15270
31649|15270
31650|15270
31652|15270
31654|15270
31656|15270
31657|15270
31658|15270
31659|15270
31661|15270
31663|15270
31664|15270
31665|15270
31666|15270
31668|15270
31669|15270
31670|15270
31671|15270
31673|15270
31675|15270
31676|15270
31677|15270
31678|15270
31680|15270
31684|15270
31687|15270
31690|15270
31691|15270
31693|15270
31694|15270
31696|15270
31699|15270
31701|15270
31705|15270
31706|15270
31707|15270
31708|15270
31709|15270
31712|15270
31713|15270
31714|15270
31715|15270
31718|15270
31721|15270
31722|15270
31723|15270
31724|15270
31725|15270
31729|15270
31730|15270
31731|15270
31732|15270
31733|15270
31734|15270
31735|15270
31737|15270
31740|15270
31742|15270
31743|15270
31748|15270
31749|15270
31751|15270
31758|15270
31759|15270
31760|15270
31763|15270
31765|15270
31767|15270
31773|15270
31774|15270
31779|15270
31783|15270
31784|15270
31787|15270
31789|15270
31791|15270
31792|15270
31793|15270
31796|15270
31797|15270
31798|15270
31808|15270
31813|15270
31817|15270
31819|15270
31820|15270
31822|15270
31823|15270
31827|15270
31828|15270
31830|15270
31832|15270
31833|15270
31834|15270
31841|15270
31842|15270
31846|15270
31847|15270
31848|15270
31852|15270
31854|15270
31855|15270
31863|15270
31865|15270
31866|15270
31867|15270
31868|15270
31875|15270
31878|15270
31880|15270
31882|15270
31887|15270
31888|15270
31889|15270
31890|15270
31892|15270
31898|15270
31905|15270
31906|15270
31918|15270
31921|15270
31930|15270
31939|15270
31944|15270
31945|15270
31958|15270
31962|15270
31967|15270
31973|15270
31974|15270
31975|15270
31976|15270
31977|15270
31978|15270
31980|15270
31981|15270
31982|15270
31984|15270
31985|15270
31987|15270
31988|15270
31989|15270
31990|15270
31991|15270
31994|15270
31995|15270
31996|15270
31997|15270
31998|15270
31999|15270
32000|15270
32001|15270
32002|15270
32004|15270
32005|15270
32007|15270
32009|15270
32011|15270
32012|15270
32016|15270
32018|15270
32019|15270
32023|15270
32025|15270
32026|15270
32027|15270
32029|15270
32030|15270
32033|15270
32036|15270
32037|15270
32039|15270
32042|15270
32044|15270
32045|15270
32046|15270
32047|15270
32048|15270
32051|15270
32053|15270
32054|15270
32055|15270
32059|15270
32061|15270
32063|15270
32066|15270
32068|15270
32070|15270
32071|15270
32072|15270
32073|15270
32074|15270
32075|15270
32080|15270
32081|15270
32083|15270
32085|15270
32089|15270
32090|15270
32094|15270
32096|15270
32101|15270
32106|15270
32108|15270
32110|15270
32113|15270
32116|15270
32117|15270
32118|15270
32121|15270
32123|15270
32126|15270
32127|15270
32128|15270
32131|15270
32134|15270
32135|15270
32137|15270
32138|15270
32141|15270
32146|15270
32147|15270
32148|15270
32149|15270
32150|15270
32161|15270
32166|15270
32169|15270
32174|15270
32176|15270
32179|15270
32180|15270
32181|15270
32182|15270
32186|15270
32189|15270
32191|15270
32192|15270
32206|15270
32207|15270
32208|15270
32210|15270
32211|15270
32233|15270
32235|15270
32236|15270
32241|15270
32242|15270
32245|15270
32247|15270
32248|15270
32254|15270
32256|15270
32257|15270
32258|15270
32259|15270
32260|15270
32261|15270
32272|15214
32334|15217
32406|15214
32413|15217
32448|15270
32550|15270
32596|15270
32599|15270
32601|15270
32604|15270
32609|15270
32615|15270
32619|15270
32621|15270
32624|15270
32633|15270
32634|15270
32638|15270
32645|15270
32648|15270
32649|15270
32652|15270
32655|15270
32659|15270
32662|15270
32666|15270
32668|15270
32671|15270
32674|15270
32675|15270
32678|15270
32681|15270
32682|15270
32683|15270
32684|15270
32686|15270
32688|15270
32689|15270
32690|15270
32691|15270
32692|15270
32693|15270
32694|15270
32695|15270
32696|15270
32697|15270
32698|15270
32699|15270
32700|15270
32701|15270
32702|15270
32704|15270
32705|15270
32706|15270
32707|15270
32708|15270
32709|15270
32712|15270
32713|15214
32716|15270
32718|15270
32719|15270
32720|15270
32721|15270
32723|15270
32725|15270
32726|15270
32727|15270
32728|15270
32729|15270
32730|15270
32731|15270
32732|15270
32734|15270
32736|15270
32737|15270
32738|15270
32740|15270
32743|15270
32746|15270
32747|15270
32748|15270
32751|15270
32752|15270
32753|15270
32758|15270
32760|15270
32764|15270
32767|15270
32768|15270
32769|15270
32770|15270
32771|15270
32773|15270
32775|15270
32776|15270
32778|15270
32780|15270
32781|15270
32782|15270
32783|15270
32785|15270
32786|15270
32788|15270
32789|15270
32790|15270
32792|15270
32793|15270
32795|15270
32796|15270
32798|15270
32801|15270
32802|15270
32803|15270
32804|15270
32805|15270
32807|15270
32809|15270
32811|15270
32813|15270
32817|15270
32818|15270
32819|15270
32820|15270
32821|15270
32823|15270
32824|15270
32825|15270
32826|15270
32829|15270
32830|15270
32834|15270
32835|15270
32838|15270
32839|15270
32841|15270
32842|15270
32844|15270
32846|15270
32847|15270
32848|15270
32853|15270
32854|15270
32855|15270
32856|15270
32857|15270
32859|15270
32860|15270
32861|15270
32862|15270
32865|15270
32866|15270
32867|15270
32870|15270
32874|15270
32875|15270
32878|15270
32879|15270
32880|15270
32881|15270
32883|15270
32887|15270
32888|15270
32889|15270
32890|15270
32891|15270
32892|15270
32893|15270
32895|15270
32903|15270
32905|15270
32906|15270
32909|15270
32910|15270
32911|15270
32912|15270
32913|15270
32914|15270
32915|15270
32916|15270
32917|15270
32918|15270
32919|15270
32920|15270
32921|15270
32924|15270
32926|15270
32927|15270
32928|15270
32929|15270
32930|15270
32931|15270
32932|15270
32933|15270
32934|15270
32935|15270
32936|15270
32937|15270
32938|15270
32939|15270
32940|15270
32941|15270
32943|15270
32944|15270
32945|15270
32946|15270
32948|15270
32949|15270
32950|15270
32954|15270
32955|15270
32956|15270
32957|15270
32959|15270
32960|15270
32961|15270
32962|15270
32963|15270
32964|15270
32967|15270
32968|15270
32971|15270
32972|15270
32973|15270
32974|15270
32975|15270
32976|15270
32979|15270
32980|15270
32981|15270
32982|15270
32983|15270
32986|15270
32988|15270
32992|15270
32995|15270
32998|15270
32999|15270
33001|15270
33004|15270
33005|15270
33006|15270
33007|15270
33008|15270
33009|15270
33010|15270
33011|15270
33012|15270
33013|15270
33014|15270
33015|15270
33016|15270
33018|15270
33019|15270
33020|15270
33021|15270
33022|15270
33023|15270
33024|15270
33025|15270
33026|15270
33027|15270
33028|15270
33030|15270
33037|15270
33039|15270
33041|15270
33043|15270
33045|15270
33052|15270
33056|15270
33061|15270
33064|15270
33067|15270
33070|15270
33075|15270
33081|15270
33083|15270
33086|15270
33087|15270
33088|15270
33089|15270
33090|15270
33092|15270
33093|15270
33094|15270
33095|15270
33097|15270
33098|15270
33099|15270
33100|15270
33101|15270
33102|15270
33103|15270
33105|15270
33106|15270
33109|15270
33110|15270
33111|15270
33112|15270
33113|15270
33115|15270
33116|15270
33117|15270
33120|15270
33121|15270
33129|15270
33131|15270
33132|15270
33144|15270
33148|15270
33150|15270
33151|15270
33160|15270
33167|15270
33169|15270
33170|15270
33171|15270
33172|15270
33177|15270
33180|15270
33181|15270
33185|15270
33186|15270
33187|15270
33189|15270
33190|15270
33191|15270
33192|15270
33193|15270
33194|15270
33201|15270
33202|15270
33209|15270
33214|15270
33215|15270
33217|15270
33218|15270
33233|15270
33234|15270
33237|15270
33238|15270
33244|15270
33246|15270
33249|15270
33250|15270
33256|15270
33257|15270
33259|15270
33260|15270
33261|15270
33262|15270
33263|15270
33265|15270
33266|15270
33267|15270
33268|15270
33269|15270
33270|15270
33276|15270
33277|15270
33279|15270
33283|15270
33285|15270
33286|15270
33287|15270
33288|15270
33289|15270
33290|15270
33293|15270
33295|15270
33296|15270
33297|15270
33298|15270
33299|15270
33301|15270
33306|15270
33307|15270
33309|15270
33310|15270
33312|15270
33314|15270
33315|15270
33316|15270
33317|15270
33318|15270
33319|15270
33320|15270
33321|15270
33322|15270
33324|15270
33325|15270
33328|15270
33329|15270
33330|15270
33331|15270
33332|15270
33333|15270
33334|15270
33335|15270
33336|15270
33337|15270
33338|15270
33340|15270
33341|15270
33343|15270
33344|15270
33345|15270
33349|15270
33351|15270
33352|15270
33356|15270
33357|15270
33358|15270
33360|15270
33361|15270
33364|15270
33365|15270
33367|15270
33368|15270
33369|15270
33372|15270
33375|15270
33376|15270
33378|15270
33379|15270
33381|15270
33382|15270
33383|15270
33386|15270
33387|15270
33388|15270
33389|15270
33390|15270
33391|15270
33392|15270
33393|15270
33394|15270
33397|15270
33399|15270
33400|15270
33401|15270
33403|15270
33404|15270
33405|15270
33406|15270
33407|15270
33408|15270
33410|15270
33411|15270
33413|15270
33414|15270
33415|15270
33416|15270
33418|15270
33419|15270
33420|15270
33424|15270
33425|15270
33426|15270
33427|15270
33430|15270
33432|15270
33434|15270
33435|15270
33436|15270
33437|15270
33438|15270
33439|15270
33447|15270
33448|15270
33452|15270
33453|15270
33455|15270
33457|15270
33460|15270
33462|15270
33466|15270
33468|15270
33469|15270
33470|15270
33472|15270
33474|15270
33479|15270
33480|15270
33482|15270
33483|15270
33484|15270
33487|15270
33488|15270
33490|15270
33492|15270
33494|15270
33495|15270
33496|15270
33497|15270
33498|15270
33499|15270
33501|15270
33503|15270
33505|15270
33506|15270
33507|15270
33508|15270
33509|15270
33510|15270
33511|15270
33512|15270
33514|15270
33515|15270
33517|15270
33518|15270
33519|15270
33521|15270
33522|15270
33525|15270
33527|15270
33528|15270
33529|15270
33532|15270
33533|15270
33535|15270
33537|15270
33538|15270
33542|15270
33543|15270
33547|15270
33548|15270
33551|15270
33552|15270
33553|15270
33554|15270
33557|15270
33564|15270
33566|15270
33567|15270
33569|15270
33570|15270
33574|15270
33575|15270
33578|15270
33579|15270
33580|15270
33581|15270
33582|15270
33584|15270
33586|15270
33587|15270
33590|15270
33592|15270
33594|15270
33596|15270
33607|15270
33608|15270
33609|15270
33611|15270
33612|15270
33613|15270
33615|15270
33617|15270
33618|15270
33619|15270
33620|15270
33622|15270
33623|15270
33627|15270
33628|15270
33629|15270
33631|15270
33632|15270
33633|15270
33636|15270
33637|15270
33638|15270
33639|15270
33640|15270
33641|15270
33642|15270
33643|15270
33648|15270
33649|15270
33651|15270
33652|15270
33654|15270
33655|15270
33656|15270
33660|15270
33661|15270
33667|15270
33669|15270
33670|15270
33683|15270
33684|15270
33686|15270
33691|15270
33694|15270
33695|15270
33696|15270
33697|15270
33698|15270
33700|15270
33703|15270
33704|15270
33705|15270
33706|15270
33707|15270
33708|15270
33709|15270
33710|15270
33711|15270
33712|15270
33713|15270
33714|15270
33715|15270
33718|15270
33719|15270
33720|15270
33721|15270
33723|15270
33724|15270
33728|15270
33730|15270
33734|15270
33735|15270
33736|15270
33739|15270
33742|15270
33744|15270
33749|15270
33750|15270
33751|15270
33753|15270
33754|15270
33756|15270
33758|15270
33759|15270
33761|15270
33762|15270
33764|15270
33769|15270
33770|15270
33774|15270
33778|15270
33780|15270
33781|15270
33782|15270
33783|15270
33784|15270
33785|15270
33786|15270
33787|15270
33790|15270
33792|15270
33797|15270
33798|15270
33799|15270
33800|15270
33801|15270
33802|15270
33803|15270
33808|15270
33810|15270
33813|15270
33814|15270
33815|15270
33817|15270
33818|15270
33819|15270
33820|15270
33822|15270
33823|15270
33824|15270
33825|15270
33826|15270
33829|15270
33830|15270
33831|15270
33832|15270
33842|15270
33844|15270
33846|15270
33851|15270
33853|15270
33856|15270
33859|15270
33860|15270
33865|15270
33866|15270
33867|15270
33869|15270
33870|15270
33871|15270
33872|15270
33873|15270
33874|15270
33876|15270
33881|15270
33882|15270
33883|15270
33889|15270
33894|15270
33897|15270
33899|15270
33900|15270
33901|15270
33904|15270
33906|15270
33907|15270
33912|15270
33916|15270
33919|15270
33920|15270
33921|15270
33922|15270
33924|15270
33925|15270
33927|15270
33928|15270
33929|15270
33930|15270
33931|15270
33932|15270
33935|15270
33941|15270
33942|15270
33943|15270
33945|15270
33949|15270
33951|15270
33952|15270
33953|15270
33954|15270
33955|15270
33956|15270
33957|15270
33958|15270
33959|15270
33960|15270
33964|15270
33965|15270
33966|15270
33967|15270
33968|15270
33969|15270
33972|15270
33973|15270
33975|15270
33976|15270
33978|15270
33980|15270
33983|15270
33987|15270
33988|15270
33989|15270
33990|15270
33992|15270
33993|15270
33994|15270
33998|15270
33999|15270
34003|15270
34006|15270
34008|15270
34009|15270
34010|15270
34014|15270
34018|15270
34021|15270
34022|15270
34029|15270
34030|15270
34031|15270
34034|15270
34035|15270
34036|15270
34037|15270
34039|15270
34041|15270
34044|15270
34046|15270
34047|15270
34055|15270
34057|15270
34065|15270
34066|15270
34067|15270
34076|15270
34083|15270
34086|15270
34087|15270
34091|15270
34092|15270
34094|15270
34095|15270
34096|15270
34100|15270
34104|15270
34106|15270
34108|15270
34111|15270
34114|15270
34117|15270
34119|15270
34120|15270
34125|15270
34128|15270
34129|15270
34131|15270
34135|15270
34137|15270
34139|15270
34141|15270
34142|15270
34144|15270
34145|15270
34149|15270
34150|15270
34151|15270
34152|15270
34153|15270
34155|15270
34157|15270
34158|15270
34161|15270
34162|15270
34165|15270
34168|15270
34169|15270
34172|15270
34173|15270
34174|15270
34175|15270
34176|15270
34178|15270
34181|15270
34188|15270
34189|15270
34194|15270
34195|15270
34197|15270
34198|15270
34199|15270
34204|15270
34206|15270
34208|15270
34211|15270
34213|15270
34215|15270
34219|15270
34230|15270
34231|15270
34233|15270
34235|15270
34236|15270
34239|15270
34243|15270
34246|15270
34247|15270
34248|15270
34253|15270
34254|15270
34258|15270
34259|15270
34261|15270
34265|15270
34271|15270
34276|15270
34278|15270
34285|15270
34292|15270
34294|15270
34298|15270
34300|15270
34301|15270
34302|15270
34303|15270
34308|15270
34310|15270
34316|15270
34319|15270
34321|15270
34323|15270
34324|15270
34325|15270
34327|15270
34328|15270
34329|15270
34331|15270
34333|15270
34334|15270
34335|15270
34337|15270
34338|15270
34339|15270
34341|15270
34343|15270
34345|15270
34346|15270
34347|15270
34349|15270
34350|15270
34354|15270
34355|15270
34359|15270
34360|15270
34361|15270
34363|15270
34364|15270
34367|15270
34368|15270
34370|15270
34371|15270
34373|15270
34376|15270
34377|15270
34379|15270
34385|15270
34392|15270
34394|15270
34397|15270
34398|15270
34403|15270
34411|15270
34412|15270
34413|15270
34417|15270
34419|15270
34422|15270
34426|15270
34429|15270
34433|15270
34434|15270
34435|15270
34439|15270
34441|15270
34442|15270
34443|15270
34446|15270
34447|15270
34448|15270
34451|15270
34453|15270
34454|15270
34456|15270
34457|15270
34458|15270
34460|15270
34461|15270
34463|15270
34465|15270
34466|15270
34470|15270
34472|15270
34473|15270
34474|15270
34475|15270
34478|15270
34479|15270
34480|15270
34481|15270
34486|15217
34489|15270
34494|15217
34499|15270
34500|15270
34501|15270
34503|15270
34504|15270
34505|15270
34508|15270
34510|15270
34513|15270
34515|15270
34517|15270
34518|15270
34519|15270
34520|15270
34521|15270
34523|15270
34524|15270
34526|15270
34527|15270
34528|15270
34530|15270
34532|15270
34533|15270
34535|15270
34536|15270
34537|15270
34539|15270
34540|15270
34541|15270
34542|15270
34545|15270
34546|15270
34547|15270
34551|15270
34552|15270
34553|15270
34554|15270
34555|15270
34556|15270
34557|15270
34561|15270
34562|15270
34563|15270
34566|15270
34567|15270
34572|15270
34576|15270
34578|15270
34581|15270
34586|15270
34588|15270
34590|15270
34593|15270
34595|15270
34596|15270
34597|15270
34599|15270
34602|15270
34605|15270
34607|15270
34615|15248
34617|15270
34618|15270
34619|15270
34620|15270
34622|15270
34624|15270
34625|15270
34628|15270
34629|15270
34631|15270
34632|15270
34633|15270
34634|15270
34636|15270
34637|15270
34641|15270
34644|15214
34647|15270
34648|15270
34650|15270
34655|15270
34659|15270
34662|15270
34665|15270
34666|15270
34667|15270
34671|15270
34672|15270
34673|15270
34674|15270
34675|15270
34682|15270
34687|15270
34691|15270
34693|15270
34694|15270
34695|15270
34702|15270
34704|15270
34705|15270
34707|15270
34712|15270
34716|15270
34717|15270
34723|15270
34724|15270
34726|15270
34728|15270
34730|15270
34731|15270
34732|15270
34740|15270
34742|15270
34743|15270
34744|15270
34746|15270
34747|15270
34748|15270
34750|15270
34773|15214
34777|15214
34793|15217
34797|15270
34800|15270
34802|15270
34804|15270
34816|15270
34818|15270
34820|15270
34825|15270
34827|15270
34843|15270
34847|15270
34851|15270
34852|15270
34858|15214
34861|15217
34864|15217
34878|15217
34880|15214
34893|15270
34903|15270
34906|15270
34931|15217
34941|15270
34943|15270
34945|15270
34952|15270
34978|15217
34981|15214
35000|15270
35001|15270
35002|15270
35004|15270
35007|15270
35009|15270
35010|15270
35017|15270
35028|15270
35044|15270
35045|15270
35047|15270
35048|15270
35051|15270
35054|15270
35057|15270
35059|15270
35061|15270
35062|15270
35063|15270
35064|15270
35065|15270
35066|15270
35067|15270
35068|15270
35070|15270
35071|15270
35074|15270
35075|15270
35076|15270
35077|15270
35080|15270
35081|15270
35085|15270
35086|15270
35095|15270
35096|15270
35097|15270
35103|15270
35106|15270
35109|15270
35110|15270
35112|15270
35113|15270
35114|15270
35116|15270
35119|15270
35121|15270
35127|15270
35128|15270
35130|15270
35131|15270
35133|15270
35136|15270
35137|15270
35138|15270
35140|15270
35142|15270
35143|15270
35144|15270
35145|15270
35149|15270
35150|15270
35155|15270
35160|15270
35161|15270
35162|15270
35163|15270
35165|15270
35166|15270
35170|15270
35176|15270
35179|15270
35182|15270
35184|15270
35187|15270
35195|15270
35196|15270
35197|15270
35198|15270
35202|15270
35210|15270
35212|15270
35213|15270
35279|15270
35288|15270
35306|15270
35308|15270
35310|15270
35311|15270
35314|15270
35316|15270
35327|15270
35328|15270
35341|15270
35342|15270
35345|15270
35346|15270
35347|15270
35348|15270
35349|15270
35350|15270
35356|15270
35357|15270
35360|15270
35361|15270
35363|15270
35364|15270
35370|15270
35371|15270
35372|15270
35373|15270
35374|15270
35375|15270
35377|15270
35381|15270
35383|15270
35386|15270
35388|15270
35391|15270
35397|15270
35413|15270
35414|15270
35416|15270
35418|15270
35420|15270
35421|15270
35423|15270
35424|15270
35425|15270
35426|15270
35427|15270
35428|15270
35429|15270
35430|15270
35433|15270
35436|15270
35437|15270
35438|15270
35444|15270
35459|15270
35484|15270
35485|15270
35490|15270
35493|15270
35494|15270
35497|15270
35503|15270
35508|15270
35518|15270
35542|15270
35547|15270
35549|15270
35554|15270
35555|15270
35557|15270
35559|15270
35564|15270
35566|15270
35568|15270
35569|15270
35571|15270
35572|15270
35573|15270
35579|15270
35580|15270
35581|15270
35586|15270
35588|15270
35595|15270
35598|15270
35600|15270
35601|15270
35602|15270
35603|15270
35604|15270
35605|15270
35606|15270
35607|15270
35609|15270
35613|15270
35615|15270
35616|15270
35617|15270
35619|15270
35625|15270
35626|15270
35628|15270
35629|15270
35630|15270
35631|15270
35634|15270
35636|15270
35637|15270
35639|15270
35643|15270
35647|15270
35648|15270
35650|15270
35651|15270
35654|15270
35657|15270
35658|15270
35662|15270
35668|15270
35669|15270
35670|15270
35671|15270
35674|15270
35677|15270
35678|15270
35682|15270
35707|15270
35708|15270
35721|15270
35723|15270
35725|15270
35727|15270
35729|15270
35731|15270
35736|15270
35740|15270
35744|15270
35747|15270
35748|15270
35749|15270
35759|15270
35761|15270
35762|15270
35764|15270
35766|15270
35767|15270
35768|15270
35770|15270
35773|15270
35774|15270
35778|15270
35780|15270
35782|15270
35786|15270
35787|15270
35788|15270
35789|15270
35790|15270
35795|15270
35797|15270
35798|15270
35804|15270
35808|15270
35810|15270
35812|15270
35815|15270
35820|15270
35821|15270
35822|15270
35828|15270
35830|15270
35832|15270
35834|15270
35835|15270
35836|15270
35840|15270
35842|15270
35849|15270
35853|15270
35854|15270
35855|15270
35856|15270
35857|15270
35858|15270
35859|15270
35860|15270
35861|15270
35862|15270
35863|15270
35864|15270
35865|15270
35866|15270
35867|15270
35869|15270
35870|15270
35871|15270
35872|15270
35873|15270
35874|15270
35875|15270
35877|15270
35878|15270
35879|15270
35880|15270
35881|15270
35882|15270
35883|15270
35884|15270
35885|15270
35886|15270
35887|15270
35888|15270
35890|15270
35892|15270
35897|15270
35898|15270
35901|15270
35902|15270
35906|15270
35907|15270
35909|15270
35910|15270
35911|15270
35912|15270
35913|15270
35914|15270
35916|15270
35921|15270
35922|15270
35923|15270
35924|15270
35925|15270
35926|15270
35927|15270
35928|15270
35930|15270
35931|15270
35932|15270
35933|15270
35934|15270
35936|15270
35938|15270
35939|15270
35940|15270
35941|15270
35942|15270
35943|15270
35944|15270
35945|15270
35946|15270
35947|15270
35948|15270
35949|15270
35950|15270
35951|15270
35952|15270
35953|15270
35954|15270
35955|15270
35956|15270
35957|15270
35959|15270
35962|15270
35963|15270
35965|15270
35966|15270
35967|15270
35968|15270
35969|15270
35970|15270
35971|15270
35972|15270
35973|15270
35975|15270
35976|15270
35977|15270
35978|15270
35979|15270
35980|15270
35982|15270
35984|15270
35985|15270
35986|15270
35987|15270
35990|15270
35991|15270
35992|15270
35993|15270
35994|15270
35995|15270
35997|15270
35998|15270
36001|15270
36002|15270
36004|15270
36005|15270
36006|15270
36008|15270
36009|15270
36010|15270
36012|15270
36013|15270
36014|15270
36015|15270
36016|15270
36017|15270
36018|15270
36019|15270
36020|15270
36022|15270
36023|15270
36024|15270
36025|15270
36026|15270
36027|15270
36028|15270
36029|15270
36030|15270
36031|15270
36032|15270
36033|15270
36034|15270
36046|15270
36047|15270
36050|15270
36054|15270
36055|15270
36056|15270
36057|15270
36058|15270
36059|15270
36060|15270
36061|15270
36062|15270
36063|15270
36064|15270
36065|15270
36066|15270
36067|15270
36068|15270
36069|15270
36070|15270
36071|15270
36072|15270
36073|15270
36075|15270
36077|15270
36081|15270
36082|15270
36084|15270
36085|15270
36086|15270
36095|15270
36098|15270
36099|15270
36100|15270
36103|15270
36109|15270
36110|15270
36111|15270
36112|15270
36113|15270
36114|15270
36115|15270
36117|15270
36118|15270
36119|15270
36120|15270
36121|15270
36122|15270
36126|15270
36132|15270
36133|15270
36134|15270
36135|15270
36136|15270
36137|15270
36138|15270
36139|15270
36140|15270
36143|15270
36144|15270
36145|15270
36146|15270
36147|15270
36148|15270
36155|15270
36157|15270
36158|15270
36159|15270
36161|15270
36162|15270
36163|15270
36164|15270
36165|15270
36166|15270
36167|15270
36168|15270
36169|15270
36170|15270
36171|15270
36172|15270
36173|15270
36174|15270
36175|15270
36176|15270
36177|15270
36178|15270
36181|15270
36183|15270
36184|15270
36187|15270
36188|15270
36189|15270
36190|15270
36191|15270
36192|15270
36193|15270
36194|15270
36195|15270
36196|15270
36198|15270
36199|15270
36200|15270
36202|15270
36203|15270
36204|15270
36205|15270
36206|15270
36207|15270
36208|15270
36210|15270
36211|15270
36214|15270
36219|15270
36222|15270
36223|15270
36225|15270
36226|15270
36229|15270
36230|15270
36231|15270
36232|15270
36239|15270
36241|15270
36242|15270
36243|15270
36244|15270
36246|15270
36247|15270
36248|15270
36249|15270
36251|15270
36254|15270
36255|15270
36256|15270
36257|15270
36258|15270
36259|15270
36260|15270
36261|15270
36262|15270
36263|15270
36264|15270
36265|15270
36266|15270
36269|15270
36271|15270
36272|15270
36273|15270
36274|15270
36275|15270
36279|15270
36281|15270
36282|15270
36283|15270
36285|15270
36287|15270
36288|15270
36291|15270
36293|15270
36294|15270
36295|15270
36296|15270
36298|15270
36300|15270
36301|15270
36306|15270
36309|15270
36311|15270
36312|15270
36314|15270
36315|15270
36317|15270
36318|15270
36319|15270
36321|15270
36324|15270
36326|15270
36328|15270
36329|15270
36330|15270
36332|15270
36333|15270
36335|15270
36336|15270
36337|15270
36339|15270
36342|15270
36344|15270
36345|15270
36347|15270
36352|15270
36353|15270
36361|15270
36364|15270
36366|15270
36367|15270
36371|15270
36373|15270
36375|15270
36376|15270
36377|15270
36386|15270
36388|15270
36389|15270
36390|15270
36391|15270
36392|15270
36393|15270
36394|15270
36395|15270
36398|15270
36400|15270
36402|15270
36403|15270
36407|15270
36408|15270
36409|15270
36410|15270
36411|15270
36412|15270
36414|15270
36417|15270
36421|15270
36422|15270
36424|15270
36425|15270
36426|15270
36428|15270
36430|15270
36432|15270
36433|15270
36437|15270
36439|15270
36440|15270
36443|15270
36444|15270
36448|15270
36452|15270
36458|15270
36465|15270
36475|15270
36480|15270
36481|15270
36485|15270
36486|15270
36487|15270
36488|15270
36489|15270
36493|15270
36497|15270
36501|15270
36504|15270
36505|15270
36507|15270
36508|15270
36509|15270
36515|15270
36517|15270
36520|15270
36524|15270
36526|15270
36529|15270
36534|15270
36540|15270
36547|15270
36548|15270
36549|15270
36550|15270
36551|15270
36553|15270
36554|15270
36555|15270
36556|15270
36557|15270
36558|15270
36559|15270
36560|15270
36561|15270
36563|15270
36565|15270
36566|15270
36568|15270
36572|15270
36573|15270
36574|15270
36575|15270
36576|15270
36577|15270
36578|15270
36579|15270
36581|15270
36582|15270
36583|15270
36585|15270
36586|15270
36587|15270
36590|15270
36591|15270
36605|15270
36607|15270
36609|15270
36612|15270
36614|15270
36615|15270
36617|15270
36618|15270
36619|15270
36621|15270
36622|15270
36623|15270
36624|15270
36625|15270
36628|15270
36629|15270
36631|15270
36632|15270
36634|15270
36635|15270
36636|15270
36644|15270
36646|15270
36649|15270
36651|15270
36652|15270
36655|15270
36656|15270
36657|15270
36658|15270
36660|15270
36661|15270
36666|15270
36667|15270
36668|15270
36669|15270
36671|15270
36676|15270
36677|15270
36679|15270
36680|15270
36688|15270
36690|15270
36691|15270
36692|15270
36693|15270
36694|15270
36695|15270
36696|15270
36697|15270
36698|15270
36700|15270
36702|15270
36703|15270
36707|15270
36709|15270
36717|15270
36718|15270
36720|15270
36722|15270
36726|15270
36727|15270
36728|15270
36729|15270
36730|15270
36731|15270
36732|15270
36739|15270
36741|15270
36742|15270
36743|15270
36744|15270
36745|15270
36746|15270
36749|15270
36750|15270
36751|15270
36752|15270
36754|15270
36755|15270
36757|15270
36758|15270
36759|15270
36760|15270
36761|15270
36765|15270
36767|15270
36768|15270
36769|15270
36770|15270
36771|15270
36772|15270
36773|15270
36775|15270
36781|15270
36784|15270
36786|15270
36791|15270
36792|15270
36794|15270
36796|15270
36797|15270
36798|15270
36800|15270
36802|15270
36803|15270
36806|15270
36808|15270
36809|15270
36810|15270
36811|15270
36812|15270
36815|15270
36816|15270
36817|15270
36818|15270
36819|15270
36830|15270
36834|15270
36835|15270
36836|15270
36837|15270
36839|15270
36840|15270
36842|15270
36844|15270
36845|15270
36846|15270
36848|15270
36850|15270
36851|15270
36853|15270
36855|15270
36856|15270
36858|15270
36859|15270
36860|15270
36861|15270
36862|15270
36865|15270
36866|15270
36867|15270
36873|15270
36877|15270
36878|15270
36879|15270
36881|15270
36883|15270
36884|15270
36887|15270
36889|15270
36890|15270
36891|15270
36892|15270
36894|15270
36895|15270
36913|15270
36915|15270
36917|15270
36918|15270
36919|15270
36920|15270
36921|15270
36925|15270
36929|15270
36930|15270
36936|15270
36940|15270
36941|15270
36943|15270
36947|15270
36948|15270
36949|15270
36950|15270
36953|15270
36954|15270
36956|15270
36961|15270
36963|15270
36964|15270
36965|15270
36966|15270
36967|15270
36968|15270
36969|15270
36971|15270
36972|15270
36976|15270
36978|15270
36980|15270
36984|15270
36988|15270
36999|15270
37011|15270
37012|15270
37026|15270
37034|15270
37046|15270
37055|15270
37066|15270
37069|15270
37071|15270
37072|15270
37074|15270
37077|15270
37081|15270
37084|15270
37096|15270
37104|15270
37105|15270
37106|15270
37107|15270
37110|15270
37112|15270
37116|15270
37117|15270
37119|15270
37120|15270
37121|15270
37122|15270
37123|15270
37124|15270
37126|15270
37127|15270
37129|15270
37130|15270
37132|15270
37134|15270
37135|15270
37137|15270
37138|15270
37144|15270
37147|15270
37148|15270
37149|15270
37154|15270
37157|15270
37160|15270
37168|15270
37170|15270
37173|15270
37174|15270
37176|15270
37178|15270
37179|15270
37180|15270
37181|15270
37182|15270
37185|15270
37190|15270
37191|15270
37192|15270
37195|15270
37196|15270
37198|15270
37199|15270
37200|15270
37202|15270
37204|15270
37205|15270
37206|15270
37207|15270
37208|15270
37209|15270
37210|15270
37212|15270
37213|15270
37214|15270
37215|15270
37216|15270
37218|15270
37219|15270
37227|15270
37236|15270
37237|15270
37242|15270
37243|15270
37244|15270
37245|15270
37247|15270
37257|15270
37258|15270
37260|15270
37261|15270
37263|15270
37265|15270
37267|15270
37269|15270
37273|15270
37274|15270
37277|15270
37278|15270
37282|15270
37283|15270
37284|15270
37287|15270
37288|15270
37290|15270
37296|15270
37302|15270
37307|15270
37309|15270
37310|15270
37311|15270
37312|15270
37313|15270
37314|15270
37316|15270
37318|15270
37319|15270
37320|15270
37321|15270
37323|15270
37324|15270
37326|15270
37327|15270
37328|15270
37329|15270
37330|15270
37331|15270
37332|15270
37333|15270
37334|15270
37335|15270
37337|15270
37338|15270
37340|15270
37341|15270
37343|15270
37345|15270
37347|15270
37348|15270
37349|15270
37351|15270
37352|15270
37356|15270
37360|15270
37361|15270
37363|15270
37364|15270
37373|15270
37378|15270
37380|15270
37381|15270
37382|15270
37383|15270
37384|15270
37385|15270
37386|15270
37387|15270
37388|15270
37390|15270
37391|15270
37392|15270
37394|15270
37395|15270
37396|15270
37398|15270
37399|15270
37400|15270
37401|15270
37404|15270
37405|15270
37406|15270
37407|15270
37408|15270
37411|15270
37412|15270
37414|15270
37415|15270
37416|15270
37417|15270
37418|15270
37419|15270
37420|15270
37421|15270
37422|15270
37423|15270
37426|15270
37433|15270
37434|15270
37436|15270
37437|15270
37438|15270
37440|15270
37441|15270
37442|15270
37443|15270
37444|15270
37445|15270
37454|15270
37461|15270
37462|15270
37468|15270
37470|15270
37471|15270
37472|15270
37473|15270
37474|15270
37475|15270
37476|15270
37478|15270
37479|15270
37480|15270
37482|15270
37483|15270
37486|15270
37487|15270
37489|15270
37490|15270
37491|15270
37494|15270
37496|15270
37500|15270
37501|15270
37502|15270
37503|15270
37505|15270
37506|15270
37509|15270
37510|15270
37511|15270
37513|15270
37515|15270
37516|15270
37517|15270
37518|15270
37519|15270
37520|15270
37521|15270
37522|15270
37523|15270
37525|15270
37528|15270
37529|15270
37530|15270
37531|15270
37532|15270
37533|15270
37534|15270
37539|15270
37540|15270
37541|15270
37542|15270
37543|15270
37544|15270
37545|15270
37546|15270
37547|15270
37548|15270
37549|15270
37552|15270
37553|15270
37558|15270
37559|15270
37561|15270
37564|15270
37565|15270
37566|15270
37567|15270
37568|15270
37569|15270
37570|15270
37571|15270
37572|15270
37574|15270
37575|15270
37576|15270
37578|15270
37580|15270
37581|15270
37584|15270
37585|15270
37586|15270
37587|15270
37588|15270
37589|15270
37591|15270
37592|15270
37593|15270
37594|15270
37596|15270
37597|15270
37598|15270
37599|15270
37600|15270
37603|15270
37604|15270
37606|15270
37609|15270
37610|15270
37613|15270
37614|15270
37616|15270
37620|15270
37623|15270
37628|15270
37631|15270
37632|15270
37633|15270
37634|15270
37636|15270
37637|15270
37640|15270
37641|15270
37642|15270
37649|15270
37650|15270
37651|15270
37652|15270
37653|15270
37656|15270
37658|15270
37664|15270
37668|15270
37670|15270
37672|15270
37678|15270
37679|15270
37680|15270
37681|15270
37682|15270
37683|15270
37684|15270
37685|15270
37690|15270
37691|15270
37693|15270
37694|15270
37695|15270
37696|15270
37698|15270
37699|15270
37701|15270
37702|15270
37703|15270
37704|15270
37705|15270
37713|15270
37714|15270
37718|15270
37722|15270
37723|15270
37725|15270
37734|15270
37739|15270
37741|15270
37743|15270
37750|15270
37753|15270
37754|15270
37755|15270
37756|15270
37757|15270
37758|15270
37763|15270
37764|15270
37765|15270
37768|15270
37770|15270
37771|15270
37773|15270
37775|15270
37780|15270
37783|15270
37786|15270
37787|15270
37794|15270
37797|15270
37799|15270
37801|15270
37803|15270
37805|15270
37806|15270
37810|15270
37812|15270
37814|15270
37815|15270
37823|15270
37827|15270
37829|15270
37844|15270
37848|15270
37851|15270
37852|15270
37854|15270
37857|15270
37858|15270
37860|15270
37861|15270
37862|15270
37865|15270
37866|15270
37870|15270
37873|15270
37875|15270
37876|15270
37877|15270
37881|15270
37883|15270
37884|15270
37885|15270
37894|15270
37897|15270
37898|15270
37899|15270
37901|15270
37904|15270
37907|15270
37909|15270
37910|15270
37911|15270
37912|15270
37913|15270
37914|15270
37915|15270
37916|15270
37917|15270
37918|15270
37919|15270
37924|15270
37925|15270
37926|15270
37927|15270
37928|15270
37930|15270
37931|15270
37932|15270
37933|15270
37936|15270
37937|15270
37939|15270
37940|15270
37943|15270
37944|15270
37945|15270
37949|15270
37951|15270
37953|15270
37954|15270
37955|15270
37956|15270
37959|15270
37960|15270
37961|15270
37963|15270
37964|15270
37970|15270
37977|15270
37982|15270
37984|15270
37990|15270
37995|15270
38003|15270
38008|15270
38014|15270
38018|15270
38027|15270
38029|15270
38030|15270
38031|15270
38035|15270
38039|15270
38040|15270
38042|15270
38043|15270
38044|15270
38049|15270
38051|15270
38052|15270
38053|15270
38054|15270
38055|15270
38056|15270
38057|15270
38058|15270
38059|15270
38060|15270
38065|15270
38066|15270
38070|15270
38071|15270
38073|15270
38076|15270
38077|15270
38083|15270
38094|15270
38103|15270
38107|15270
38112|15270
38113|15270
38114|15270
38115|15270
38116|15270
38120|15270
38123|15270
38125|15270
38127|15270
38129|15270
38132|15270
38133|15270
38134|15270
38135|15270
38137|15270
38142|15270
38143|15270
38145|15270
38146|15270
38152|15270
38153|15270
38157|15270
38159|15270
38160|15270
38161|15270
38163|15270
38164|15270
38166|15270
38177|15270
38183|15270
38185|15270
38186|15270
38191|15270
38192|15270
38194|15270
38197|15270
38198|15270
38199|15270
38201|15270
38204|15270
38205|15270
38206|15270
38209|15270
38212|15270
38213|15270
38214|15270
38215|15270
38217|15270
38218|15270
38219|15270
38224|15270
38226|15270
38227|15270
38229|15270
38232|15270
38233|15270
38234|15270
38235|15270
38236|15270
38237|15270
38238|15270
38239|15270
38240|15270
38242|15270
38243|15270
38244|15270
38245|15270
38247|15270
38248|15270
38250|15270
38254|15270
38257|15270
38259|15270
38261|15270
38265|15270
38267|15270
38271|15270
38273|15270
38276|15270
38278|15270
38281|15270
38282|15270
38283|15270
38284|15270
38286|15270
38287|15270
38288|15270
38289|15270
38292|15270
38294|15270
38295|15270
38297|15270
38298|15270
38299|15270
38303|15270
38304|15270
38305|15270
38309|15270
38312|15270
38313|15270
38318|15270
38321|15270
38323|15270
38326|15270
38327|15270
38331|15270
38332|15270
38333|15270
38334|15270
38335|15270
38338|15270
38341|15270
38344|15270
38350|15270
38351|15270
38353|15270
38355|15270
38361|15270
38363|15270
38364|15270
38366|15270
38372|15270
38373|15270
38374|15270
38376|15270
38378|15270
38379|15270
38384|15270
38388|15270
38389|15270
38391|15270
38394|15270
38395|15270
38396|15270
38402|15270
38407|15270
38408|15270
38413|15270
38419|15270
38420|15270
38427|15270
38428|15270
38429|15270
38432|15270
38437|15270
38443|15270
38445|15270
38446|15270
38447|15270
38450|15270
38454|15270
38455|15270
38456|15270
38457|15270
38458|15270
38461|15270
38465|15270
38468|15270
38472|15270
38473|15270
38474|15270
38477|15270
38478|15270
38479|15270
38480|15270
38483|15270
38484|15270
38485|15270
38486|15270
38490|15270
38491|15270
38497|15270
38499|15270
38501|15270
38502|15270
38503|15270
38504|15270
38505|15270
38509|15270
38518|15270
38520|15270
38522|15270
38525|15270
38527|15270
38529|15270
38532|15270
38538|15270
38543|15270
38545|15270
38547|15270
38549|15270
38550|15270
38556|15270
38557|15270
38559|15270
38560|15270
38561|15270
38562|15270
38568|15270
38570|15270
38571|15270
38572|15270
38573|15270
38574|15270
38575|15270
38576|15270
38578|15270
38579|15270
38581|15270
38582|15270
38583|15270
38584|15270
38585|15270
38587|15270
38588|15270
38589|15270
38590|15270
38591|15270
38596|15270
38597|15270
38598|15270
38599|15270
38600|15270
38601|15270
38602|15270
38603|15270
38604|15270
38605|15270
38606|15270
38607|15270
38609|15270
38610|15270
38611|15270
38615|15270
38616|15270
38617|15270
38619|15270
38620|15270
38621|15270
38622|15270
38623|15270
38624|15270
38625|15270
38627|15270
38628|15270
38629|15270
38630|15270
38631|15270
38633|15270
38634|15270
38635|15270
38640|15270
38641|15270
38643|15270
38647|15270
38648|15270
38650|15270
38651|15270
38652|15270
38653|15270
38657|15270
38659|15270
38660|15270
38662|15270
38664|15270
38665|15270
38666|15270
38667|15270
38668|15270
38669|15270
38672|15270
38674|15270
38677|15270
38678|15270
38680|15270
38681|15270
38682|15270
38684|15270
38685|15270
38686|15270
38687|15270
38689|15270
38693|15270
38694|15270
38696|15270
38699|15270
38700|15270
38701|15270
38707|15270
38710|15270
38712|15270
38714|15270
38715|15270
38717|15270
38725|15270
38726|15270
38729|15270
38731|15270
38734|15270
38735|15270
38736|15270
38737|15270
38738|15270
38739|15270
38740|15270
38742|15270
38744|15270
38747|15270
38748|15270
38749|15270
38750|15270
38752|15270
38754|15270
38755|15270
38758|15270
38759|15270
38762|15270
38763|15270
38764|15270
38766|15270
38769|15270
38771|15270
38775|15270
38782|15270
38786|15270
38788|15270
38789|15270
38792|15270
38793|15270
38794|15270
38799|15270
38800|15270
38802|15270
38805|15270
38807|15270
38808|15270
38810|15270
38816|15270
38818|15270
38820|15270
38821|15270
38822|15270
38824|15270
38827|15270
38828|15270
38829|15270
38831|15270
38832|15270
38838|15270
38839|15270
38843|15270
38850|15270
38852|15270
38853|15270
38855|15270
38858|15270
38859|15270
38862|15270
38863|15270
38867|15270
38868|15270
38869|15270
38870|15270
38872|15270
38873|15270
38875|15270
38876|15270
38878|15270
38883|15270
38884|15270
38885|15270
38886|15270
38887|15270
38890|15270
38891|15270
38892|15270
38898|15270
38899|15270
38901|15270
38903|15270
38904|15270
38906|15270
38908|15270
38910|15270
38914|15270
38915|15270
38916|15270
38917|15270
38918|15270
38919|15270
38923|15270
38925|15270
38926|15270
38928|15270
38929|15270
38932|15270
38934|15270
38942|15270
38943|15270
38944|15270
38947|15270
38949|15270
38951|15270
38952|15270
38953|15270
38954|15270
38957|15270
38958|15270
38959|15270
38960|15270
38963|15270
38965|15270
38966|15270
38967|15270
38968|15270
38969|15270
38970|15270
38972|15270
38973|15270
38974|15270
38977|15270
38978|15270
38979|15270
38980|15270
38981|15270
38983|15270
38984|15270
38985|15270
38986|15270
38987|15270
38988|15270
38989|15270
38990|15270
38991|15270
38993|15270
38994|15270
38997|15270
38998|15270
38999|15270
39001|15270
39002|15270
39003|15270
39007|15270
39008|15270
39012|15270
39013|15270
39019|15270
39020|15270
39026|15270
39029|15270
39030|15270
39031|15270
39032|15270
39034|15270
39039|15270
39040|15270
39041|15270
39044|15270
39046|15270
39051|15270
39053|15270
39054|15270
39055|15270
39057|15270
39058|15270
39059|15270
39061|15270
39069|15270
39074|15270
39076|15270
39079|15270
39081|15270
39083|15270
39085|15270
39086|15270
39087|15270
39088|15270
39089|15270
39092|15270
39093|15270
39095|15270
39097|15270
39104|15270
39108|15270
39112|15270
39115|15270
39117|15270
39123|15270
39127|15270
39128|15270
39129|15270
39132|15270
39133|15270
39134|15270
39135|15270
39137|15270
39139|15270
39140|15270
39145|15270
39146|15270
39147|15270
39148|15270
39149|15270
39150|15270
39151|15270
39152|15270
39153|15270
39154|15270
39156|15270
39157|15270
39160|15270
39163|15270
39167|15270
39173|15270
39179|15270
39187|15270
39189|15270
39190|15270
39191|15270
39192|15270
39196|15270
39197|15270
39198|15270
39199|15270
39200|15270
39201|15270
39202|15270
39206|15270
39207|15270
39211|15270
39212|15270
39214|15270
39215|15270
39218|15270
39219|15270
39220|15270
39221|15270
39222|15270
39224|15270
39225|15270
39226|15270
39228|15270
39229|15270
39230|15270
39231|15270
39235|15270
39237|15270
39238|15270
39239|15270
39240|15270
39243|15270
39244|15270
39245|15270
39246|15270
39247|15270
39248|15270
39249|15270
39251|15270
39252|15270
39253|15270
39254|15270
39255|15270
39257|15270
39258|15270
39261|15270
39262|15270
39265|15270
39267|15270
39268|15270
39269|15270
39271|15270
39272|15270
39274|15270
39275|15270
39276|15270
39277|15270
39278|15270
39280|15270
39281|15270
39283|15270
39284|15270
39285|15270
39286|15270
39288|15270
39289|15270
39290|15270
39291|15270
39292|15270
39293|15270
39294|15270
39295|15270
39297|15270
39298|15270
39300|15270
39301|15270
39302|15270
39305|15270
39306|15270
39308|15270
39309|15270
39310|15270
39311|15270
39312|15270
39313|15270
39314|15270
39315|15270
